2026-08-07 01:44:21,529 | INFO | Processing NationalInsurance_Anti_Fraud_Policy_2026.pdf
2026-08-07 01:44:21,773 | INFO | Saved extracted\NationalInsurance\NationalInsurance_Anti_Fraud_Policy_2026.json
2026-08-07 01:44:21,773 | INFO | Processing NPCI_TransactionLimit_2026.pdf
2026-08-07 01:44:21,807 | INFO | Saved extracted\NPCI\NPCI_TransactionLimit_2026.json
2026-08-07 01:44:21,807 | INFO | Processing razorpay_fraud_detection_guidelines.md
2026-08-07 01:44:21,837 | INFO | Saved extracted\Razorpay\razorpay_fraud_detection_guidelines.json
2026-08-07 01:44:21,840 | INFO | Processing RBI_All_India_Financial_Institutions_Fraud_Risk_Management_Directions_2026.pdf
2026-08-07 01:44:22,023 | INFO | Saved extracted\RBI\RBI_All_India_Financial_Institutions_Fraud_Risk_Management_Directions_2026.json
2026-08-07 01:44:22,023 | INFO | Processing RBI_Commercial_Banks_Fraud_Risk_Management_Directions_2026.pdf
2026-08-07 01:44:22,230 | INFO | Saved extracted\RBI\RBI_Commercial_Banks_Fraud_Risk_Management_Directions_2026.json
2026-08-07 01:44:22,231 | INFO | Processing RBI_Digital_Payments_E-mandate_2026.pdf
2026-08-07 01:44:22,293 | INFO | Saved extracted\RBI\RBI_Digital_Payments_E-mandate_2026.json
2026-08-07 01:44:22,293 | INFO | Processing RBI_Local_Area_Banks_Fraud_Risk_Management_Directions_2026.pdf
2026-08-07 01:44:22,462 | INFO | Saved extracted\RBI\RBI_Local_Area_Banks_Fraud_Risk_Management_Directions_2026.json
2026-08-07 01:44:22,463 | INFO | Processing RBI_Payments Banks_Fraud_Risk_Management_Directions_2026.pdf
2026-08-07 01:44:22,603 | INFO | Saved extracted\RBI\RBI_Payments Banks_Fraud_Risk_Management_Directions_2026.json
2026-08-07 01:44:22,603 | INFO | Processing RBI_Small_Finance_Banks_Fraud_Risk_Management_Directions_2026.pdf
2026-08-07 01:44:22,776 | INFO | Saved extracted\RBI\RBI_Small_Finance_Banks_Fraud_Risk_Management_Directions_2026.json
2026-08-07 01:44:22,780 | INFO | Processing RBI_Urban_Co_operative_Banks_Fraud_Risk_Management_Directions_2026.pdf
2026-08-07 01:44:22,923 | INFO | Saved extracted\RBI\RBI_Urban_Co_operative_Banks_Fraud_Risk_Management_Directions_2026.json
2026-08-09 19:56:31,031 | INFO | ========== Embedding Started ==========
2026-08-09 19:56:31,034 | INFO | Embedding NationalInsurance_Anti_Fraud_Policy_2026.json
2026-08-09 19:56:31,087 | INFO | Embedding Chunk 1/529
2026-08-09 19:56:32,277 | INFO | Embedding Chunk 2/529
2026-08-09 19:56:32,441 | INFO | Embedding Chunk 3/529
2026-08-09 19:56:32,571 | INFO | Embedding Chunk 4/529
2026-08-09 19:56:32,705 | INFO | Embedding Chunk 5/529
2026-08-09 19:56:32,841 | INFO | Embedding Chunk 6/529
2026-08-09 19:56:32,975 | INFO | Embedding Chunk 7/529
2026-08-09 19:56:33,115 | INFO | Embedding Chunk 8/529
2026-08-09 19:56:33,246 | INFO | Embedding Chunk 9/529
2026-08-09 19:56:33,395 | INFO | Embedding Chunk 10/529
2026-08-09 19:56:33,530 | INFO | Embedding Chunk 11/529
2026-08-09 19:56:33,705 | INFO | Embedding Chunk 12/529
2026-08-09 19:56:33,833 | INFO | Embedding Chunk 13/529
2026-08-09 19:56:33,975 | INFO | Embedding Chunk 14/529
2026-08-09 19:56:34,112 | INFO | Embedding Chunk 15/529
2026-08-09 19:56:34,265 | INFO | Embedding Chunk 16/529
2026-08-09 19:56:34,418 | INFO | Embedding Chunk 17/529
2026-08-09 19:56:34,562 | INFO | Embedding Chunk 18/529
2026-08-09 19:56:34,718 | INFO | Embedding Chunk 19/529
2026-08-09 19:56:34,859 | INFO | Embedding Chunk 20/529
2026-08-09 19:56:34,996 | INFO | Embedding Chunk 21/529
2026-08-09 19:56:35,137 | INFO | Embedding Chunk 22/529
2026-08-09 19:56:35,267 | INFO | Embedding Chunk 23/529
2026-08-09 19:56:35,452 | INFO | Embedding Chunk 24/529
2026-08-09 19:56:35,596 | INFO | Embedding Chunk 25/529
2026-08-09 19:56:35,727 | INFO | Embedding Chunk 26/529
2026-08-09 19:56:35,877 | INFO | Embedding Chunk 27/529
2026-08-09 19:56:36,002 | INFO | Embedding Chunk 28/529
2026-08-09 19:56:36,154 | INFO | Embedding Chunk 29/529
2026-08-09 19:56:36,283 | INFO | Embedding Chunk 30/529
2026-08-09 19:56:36,418 | INFO | Embedding Chunk 31/529
2026-08-09 19:56:36,549 | INFO | Embedding Chunk 32/529
2026-08-09 19:56:36,684 | INFO | Embedding Chunk 33/529
2026-08-09 19:56:36,850 | INFO | Embedding Chunk 34/529
2026-08-09 19:56:36,980 | INFO | Embedding Chunk 35/529
2026-08-09 19:56:37,121 | INFO | Embedding Chunk 36/529
2026-08-09 19:56:37,290 | INFO | Embedding Chunk 37/529
2026-08-09 19:56:37,428 | INFO | Embedding Chunk 38/529
2026-08-09 19:56:37,575 | INFO | Embedding Chunk 39/529
2026-08-09 19:56:37,722 | INFO | Embedding Chunk 40/529
2026-08-09 19:56:37,873 | INFO | Embedding Chunk 41/529
2026-08-09 19:56:38,011 | INFO | Embedding Chunk 42/529
2026-08-09 19:56:38,140 | INFO | Embedding Chunk 43/529
2026-08-09 19:56:38,281 | INFO | Embedding Chunk 44/529
2026-08-09 19:56:38,429 | INFO | Embedding Chunk 45/529
2026-08-09 19:56:38,570 | INFO | Embedding Chunk 46/529
2026-08-09 19:56:38,723 | INFO | Embedding Chunk 47/529
2026-08-09 19:56:38,868 | INFO | Embedding Chunk 48/529
2026-08-09 19:56:38,996 | INFO | Embedding Chunk 49/529
2026-08-09 19:56:39,140 | INFO | Embedding Chunk 50/529
2026-08-09 19:56:39,271 | INFO | Embedding Chunk 51/529
2026-08-09 19:56:39,404 | INFO | Embedding Chunk 52/529
2026-08-09 19:56:39,539 | INFO | Embedding Chunk 53/529
2026-08-09 19:56:39,667 | INFO | Embedding Chunk 54/529
2026-08-09 19:56:39,804 | INFO | Embedding Chunk 55/529
2026-08-09 19:56:39,949 | INFO | Embedding Chunk 56/529
2026-08-09 19:56:40,085 | INFO | Embedding Chunk 57/529
2026-08-09 19:56:40,239 | INFO | Embedding Chunk 58/529
2026-08-09 19:56:40,410 | INFO | Embedding Chunk 59/529
2026-08-09 19:56:40,552 | INFO | Embedding Chunk 60/529
2026-08-09 19:56:40,681 | INFO | Embedding Chunk 61/529
2026-08-09 19:56:40,861 | INFO | Embedding Chunk 62/529
2026-08-09 19:56:41,022 | INFO | Embedding Chunk 63/529
2026-08-09 19:56:41,182 | INFO | Embedding Chunk 64/529
2026-08-09 19:56:41,348 | INFO | Embedding Chunk 65/529
2026-08-09 19:56:41,516 | INFO | Embedding Chunk 66/529
2026-08-09 19:56:41,673 | INFO | Embedding Chunk 67/529
2026-08-09 19:56:41,844 | INFO | Embedding Chunk 68/529
2026-08-09 19:56:42,000 | INFO | Embedding Chunk 69/529
2026-08-09 19:56:42,170 | INFO | Embedding Chunk 70/529
2026-08-09 19:56:42,323 | INFO | Embedding Chunk 71/529
2026-08-09 19:56:42,466 | INFO | Embedding Chunk 72/529
2026-08-09 19:56:42,605 | INFO | Embedding Chunk 73/529
2026-08-09 19:56:42,737 | INFO | Embedding Chunk 74/529
2026-08-09 19:56:42,868 | INFO | Embedding Chunk 75/529
2026-08-09 19:56:43,007 | INFO | Embedding Chunk 76/529
2026-08-09 19:56:43,155 | INFO | Embedding Chunk 77/529
2026-08-09 19:56:43,290 | INFO | Embedding Chunk 78/529
2026-08-09 19:56:43,451 | INFO | Embedding Chunk 79/529
2026-08-09 19:56:43,545 | INFO | Embedding Chunk 80/529
2026-08-09 19:56:43,676 | INFO | Embedding Chunk 81/529
2026-08-09 19:56:43,828 | INFO | Embedding Chunk 82/529
2026-08-09 19:56:43,998 | INFO | Embedding Chunk 83/529
2026-08-09 19:56:44,103 | INFO | Embedding Chunk 84/529
2026-08-09 19:56:44,231 | INFO | Embedding Chunk 85/529
2026-08-09 19:56:44,368 | INFO | Embedding Chunk 86/529
2026-08-09 19:56:44,525 | INFO | Embedding Chunk 87/529
2026-08-09 19:56:44,663 | INFO | Embedding Chunk 88/529
2026-08-09 19:56:44,795 | INFO | Embedding Chunk 89/529
2026-08-09 19:56:44,888 | INFO | Embedding Chunk 90/529
2026-08-09 19:56:45,020 | INFO | Embedding Chunk 91/529
2026-08-09 19:56:45,117 | INFO | Embedding Chunk 92/529
2026-08-09 19:56:45,245 | INFO | Embedding Chunk 93/529
2026-08-09 19:56:45,402 | INFO | Embedding Chunk 94/529
2026-08-09 19:56:45,522 | INFO | Embedding Chunk 95/529
2026-08-09 19:56:45,617 | INFO | Embedding Chunk 96/529
2026-08-09 19:56:45,765 | INFO | Embedding Chunk 97/529
2026-08-09 19:56:45,903 | INFO | Embedding Chunk 98/529
2026-08-09 19:56:46,039 | INFO | Embedding Chunk 99/529
2026-08-09 19:56:46,171 | INFO | Embedding Chunk 100/529
2026-08-09 19:56:46,382 | INFO | Embedding Chunk 101/529
2026-08-09 19:56:46,483 | INFO | Embedding Chunk 102/529
2026-08-09 19:56:46,607 | INFO | Embedding Chunk 103/529
2026-08-09 19:56:46,731 | INFO | Embedding Chunk 104/529
2026-08-09 19:56:46,833 | INFO | Embedding Chunk 105/529
2026-08-09 19:56:47,012 | INFO | Embedding Chunk 106/529
2026-08-09 19:56:47,106 | INFO | Embedding Chunk 107/529
2026-08-09 19:56:47,249 | INFO | Embedding Chunk 108/529
2026-08-09 19:56:47,376 | INFO | Embedding Chunk 109/529
2026-08-09 19:56:47,511 | INFO | Embedding Chunk 110/529
2026-08-09 19:56:47,638 | INFO | Embedding Chunk 111/529
2026-08-09 19:56:47,829 | INFO | Embedding Chunk 112/529
2026-08-09 19:56:48,002 | INFO | Embedding Chunk 113/529
2026-08-09 19:56:48,128 | INFO | Embedding Chunk 114/529
2026-08-09 19:56:48,296 | INFO | Embedding Chunk 115/529
2026-08-09 19:56:48,474 | INFO | Embedding Chunk 116/529
2026-08-09 19:56:48,646 | INFO | Embedding Chunk 117/529
2026-08-09 19:56:48,805 | INFO | Embedding Chunk 118/529
2026-08-09 19:56:49,001 | INFO | Embedding Chunk 119/529
2026-08-09 19:56:49,161 | INFO | Embedding Chunk 120/529
2026-08-09 19:56:49,313 | INFO | Embedding Chunk 121/529
2026-08-09 19:56:49,471 | INFO | Embedding Chunk 122/529
2026-08-09 19:56:49,607 | INFO | Embedding Chunk 123/529
2026-08-09 19:56:49,768 | INFO | Embedding Chunk 124/529
2026-08-09 19:56:49,938 | INFO | Embedding Chunk 125/529
2026-08-09 19:56:50,060 | INFO | Embedding Chunk 126/529
2026-08-09 19:56:50,214 | INFO | Embedding Chunk 127/529
2026-08-09 19:56:50,347 | INFO | Embedding Chunk 128/529
2026-08-09 19:56:50,490 | INFO | Embedding Chunk 129/529
2026-08-09 19:56:50,625 | INFO | Embedding Chunk 130/529
2026-08-09 19:56:50,757 | INFO | Embedding Chunk 131/529
2026-08-09 19:56:50,902 | INFO | Embedding Chunk 132/529
2026-08-09 19:56:51,047 | INFO | Embedding Chunk 133/529
2026-08-09 19:56:51,179 | INFO | Embedding Chunk 134/529
2026-08-09 19:56:51,290 | INFO | Embedding Chunk 135/529
2026-08-09 19:56:51,417 | INFO | Embedding Chunk 136/529
2026-08-09 19:56:51,555 | INFO | Embedding Chunk 137/529
2026-08-09 19:56:51,699 | INFO | Embedding Chunk 138/529
2026-08-09 19:56:51,796 | INFO | Embedding Chunk 139/529
2026-08-09 19:56:51,987 | INFO | Embedding Chunk 140/529
2026-08-09 19:56:52,156 | INFO | Embedding Chunk 141/529
2026-08-09 19:56:52,313 | INFO | Embedding Chunk 142/529
2026-08-09 19:56:52,434 | INFO | Embedding Chunk 143/529
2026-08-09 19:56:52,596 | INFO | Embedding Chunk 144/529
2026-08-09 19:56:52,715 | INFO | Embedding Chunk 145/529
2026-08-09 19:56:52,872 | INFO | Embedding Chunk 146/529
2026-08-09 19:56:53,048 | INFO | Embedding Chunk 147/529
2026-08-09 19:56:53,208 | INFO | Embedding Chunk 148/529
2026-08-09 19:56:53,328 | INFO | Embedding Chunk 149/529
2026-08-09 19:56:53,518 | INFO | Embedding Chunk 150/529
2026-08-09 19:56:53,638 | INFO | Embedding Chunk 151/529
2026-08-09 19:56:53,801 | INFO | Embedding Chunk 152/529
2026-08-09 19:56:53,925 | INFO | Embedding Chunk 153/529
2026-08-09 19:56:54,177 | INFO | Embedding Chunk 154/529
2026-08-09 19:56:54,301 | INFO | Embedding Chunk 155/529
2026-08-09 19:56:54,427 | INFO | Embedding Chunk 156/529
2026-08-09 19:56:54,607 | INFO | Embedding Chunk 157/529
2026-08-09 19:56:54,724 | INFO | Embedding Chunk 158/529
2026-08-09 19:56:54,843 | INFO | Embedding Chunk 159/529
2026-08-09 19:56:54,966 | INFO | Embedding Chunk 160/529
2026-08-09 19:56:55,151 | INFO | Embedding Chunk 161/529
2026-08-09 19:56:55,266 | INFO | Embedding Chunk 162/529
2026-08-09 19:56:55,384 | INFO | Embedding Chunk 163/529
2026-08-09 19:56:55,500 | INFO | Embedding Chunk 164/529
2026-08-09 19:56:55,621 | INFO | Embedding Chunk 165/529
2026-08-09 19:56:55,749 | INFO | Embedding Chunk 166/529
2026-08-09 19:56:55,875 | INFO | Embedding Chunk 167/529
2026-08-09 19:56:55,998 | INFO | Embedding Chunk 168/529
2026-08-09 19:56:56,166 | INFO | Embedding Chunk 169/529
2026-08-09 19:56:56,259 | INFO | Embedding Chunk 170/529
2026-08-09 19:56:56,361 | INFO | Embedding Chunk 171/529
2026-08-09 19:56:56,508 | INFO | Embedding Chunk 172/529
2026-08-09 19:56:56,598 | INFO | Embedding Chunk 173/529
2026-08-09 19:56:56,727 | INFO | Embedding Chunk 174/529
2026-08-09 19:56:56,821 | INFO | Embedding Chunk 175/529
2026-08-09 19:56:56,915 | INFO | Embedding Chunk 176/529
2026-08-09 19:56:57,049 | INFO | Embedding Chunk 177/529
2026-08-09 19:56:57,142 | INFO | Embedding Chunk 178/529
2026-08-09 19:56:57,289 | INFO | Embedding Chunk 179/529
2026-08-09 19:56:57,380 | INFO | Embedding Chunk 180/529
2026-08-09 19:56:57,475 | INFO | Embedding Chunk 181/529
2026-08-09 19:56:57,571 | INFO | Embedding Chunk 182/529
2026-08-09 19:56:57,666 | INFO | Embedding Chunk 183/529
2026-08-09 19:56:57,828 | INFO | Embedding Chunk 184/529
2026-08-09 19:56:57,920 | INFO | Embedding Chunk 185/529
2026-08-09 19:56:58,157 | INFO | Embedding Chunk 186/529
2026-08-09 19:56:58,273 | INFO | Embedding Chunk 187/529
2026-08-09 19:56:58,399 | INFO | Embedding Chunk 188/529
2026-08-09 19:56:58,542 | INFO | Embedding Chunk 189/529
2026-08-09 19:56:58,701 | INFO | Embedding Chunk 190/529
2026-08-09 19:56:58,800 | INFO | Embedding Chunk 191/529
2026-08-09 19:56:58,919 | INFO | Embedding Chunk 192/529
2026-08-09 19:56:59,026 | INFO | Embedding Chunk 193/529
2026-08-09 19:56:59,119 | INFO | Embedding Chunk 194/529
2026-08-09 19:56:59,222 | INFO | Embedding Chunk 195/529
2026-08-09 19:56:59,549 | INFO | Embedding Chunk 196/529
2026-08-09 19:56:59,646 | INFO | Embedding Chunk 197/529
2026-08-09 19:56:59,735 | INFO | Embedding Chunk 198/529
2026-08-09 19:56:59,858 | INFO | Embedding Chunk 199/529
2026-08-09 19:56:59,965 | INFO | Embedding Chunk 200/529
2026-08-09 19:57:00,065 | INFO | Embedding Chunk 201/529
2026-08-09 19:57:00,162 | INFO | Embedding Chunk 202/529
2026-08-09 19:57:00,251 | INFO | Embedding Chunk 203/529
2026-08-09 19:57:00,344 | INFO | Embedding Chunk 204/529
2026-08-09 19:57:00,466 | INFO | Embedding Chunk 205/529
2026-08-09 19:57:00,585 | INFO | Embedding Chunk 206/529
2026-08-09 19:57:00,677 | INFO | Embedding Chunk 207/529
2026-08-09 19:57:00,825 | INFO | Embedding Chunk 208/529
2026-08-09 19:57:00,916 | INFO | Embedding Chunk 209/529
2026-08-09 19:57:01,016 | INFO | Embedding Chunk 210/529
2026-08-09 19:57:01,108 | INFO | Embedding Chunk 211/529
2026-08-09 19:57:01,200 | INFO | Embedding Chunk 212/529
2026-08-09 19:57:01,289 | INFO | Embedding Chunk 213/529
2026-08-09 19:57:01,376 | INFO | Embedding Chunk 214/529
2026-08-09 19:57:01,467 | INFO | Embedding Chunk 215/529
2026-08-09 19:57:01,578 | INFO | Embedding Chunk 216/529
2026-08-09 19:57:01,745 | INFO | Embedding Chunk 217/529
2026-08-09 19:57:02,015 | INFO | Embedding Chunk 218/529
2026-08-09 19:57:02,137 | INFO | Embedding Chunk 219/529
2026-08-09 19:57:02,238 | INFO | Embedding Chunk 220/529
2026-08-09 19:57:02,409 | INFO | Embedding Chunk 221/529
2026-08-09 19:57:02,514 | INFO | Embedding Chunk 222/529
2026-08-09 19:57:02,604 | INFO | Embedding Chunk 223/529
2026-08-09 19:57:02,697 | INFO | Embedding Chunk 224/529
2026-08-09 19:57:02,795 | INFO | Embedding Chunk 225/529
2026-08-09 19:57:02,896 | INFO | Embedding Chunk 226/529
2026-08-09 19:57:02,993 | INFO | Embedding Chunk 227/529
2026-08-09 19:57:03,134 | INFO | Embedding Chunk 228/529
2026-08-09 19:57:03,223 | INFO | Embedding Chunk 229/529
2026-08-09 19:57:03,366 | INFO | Embedding Chunk 230/529
2026-08-09 19:57:03,463 | INFO | Embedding Chunk 231/529
2026-08-09 19:57:03,600 | INFO | Embedding Chunk 232/529
2026-08-09 19:57:03,710 | INFO | Embedding Chunk 233/529
2026-08-09 19:57:03,798 | INFO | Embedding Chunk 234/529
2026-08-09 19:57:03,894 | INFO | Embedding Chunk 235/529
2026-08-09 19:57:03,982 | INFO | Embedding Chunk 236/529
2026-08-09 19:57:04,083 | INFO | Embedding Chunk 237/529
2026-08-09 19:57:04,182 | INFO | Embedding Chunk 238/529
2026-08-09 19:57:04,277 | INFO | Embedding Chunk 239/529
2026-08-09 19:57:04,387 | INFO | Embedding Chunk 240/529
2026-08-09 19:57:04,486 | INFO | Embedding Chunk 241/529
2026-08-09 19:57:04,577 | INFO | Embedding Chunk 242/529
2026-08-09 19:57:04,703 | INFO | Embedding Chunk 243/529
2026-08-09 19:57:04,820 | INFO | Embedding Chunk 244/529
2026-08-09 19:57:04,943 | INFO | Embedding Chunk 245/529
2026-08-09 19:57:05,061 | INFO | Embedding Chunk 246/529
2026-08-09 19:57:05,183 | INFO | Embedding Chunk 247/529
2026-08-09 19:57:05,346 | INFO | Embedding Chunk 248/529
2026-08-09 19:57:05,467 | INFO | Embedding Chunk 249/529
2026-08-09 19:57:05,622 | INFO | Embedding Chunk 250/529
2026-08-09 19:57:05,773 | INFO | Embedding Chunk 251/529
2026-08-09 19:57:05,909 | INFO | Embedding Chunk 252/529
2026-08-09 19:57:06,093 | INFO | Embedding Chunk 253/529
2026-08-09 19:57:06,215 | INFO | Embedding Chunk 254/529
2026-08-09 19:57:06,350 | INFO | Embedding Chunk 255/529
2026-08-09 19:57:06,489 | INFO | Embedding Chunk 256/529
2026-08-09 19:57:06,604 | INFO | Embedding Chunk 257/529
2026-08-09 19:57:06,697 | INFO | Embedding Chunk 258/529
2026-08-09 19:57:06,793 | INFO | Embedding Chunk 259/529
2026-08-09 19:57:06,884 | INFO | Embedding Chunk 260/529
2026-08-09 19:57:06,985 | INFO | Embedding Chunk 261/529
2026-08-09 19:57:07,088 | INFO | Embedding Chunk 262/529
2026-08-09 19:57:07,215 | INFO | Embedding Chunk 263/529
2026-08-09 19:57:07,351 | INFO | Embedding Chunk 264/529
2026-08-09 19:57:07,446 | INFO | Embedding Chunk 265/529
2026-08-09 19:57:07,540 | INFO | Embedding Chunk 266/529
2026-08-09 19:57:07,647 | INFO | Embedding Chunk 267/529
2026-08-09 19:57:07,767 | INFO | Embedding Chunk 268/529
2026-08-09 19:57:07,865 | INFO | Embedding Chunk 269/529
2026-08-09 19:57:07,974 | INFO | Embedding Chunk 270/529
2026-08-09 19:57:08,079 | INFO | Embedding Chunk 271/529
2026-08-09 19:57:08,172 | INFO | Embedding Chunk 272/529
2026-08-09 19:57:08,265 | INFO | Embedding Chunk 273/529
2026-08-09 19:57:08,355 | INFO | Embedding Chunk 274/529
2026-08-09 19:57:08,447 | INFO | Embedding Chunk 275/529
2026-08-09 19:57:08,541 | INFO | Embedding Chunk 276/529
2026-08-09 19:57:08,634 | INFO | Embedding Chunk 277/529
2026-08-09 19:57:08,762 | INFO | Embedding Chunk 278/529
2026-08-09 19:57:08,881 | INFO | Embedding Chunk 279/529
2026-08-09 19:57:08,996 | INFO | Embedding Chunk 280/529
2026-08-09 19:57:09,117 | INFO | Embedding Chunk 281/529
2026-08-09 19:57:09,237 | INFO | Embedding Chunk 282/529
2026-08-09 19:57:09,355 | INFO | Embedding Chunk 283/529
2026-08-09 19:57:09,484 | INFO | Embedding Chunk 284/529
2026-08-09 19:57:09,609 | INFO | Embedding Chunk 285/529
2026-08-09 19:57:09,726 | INFO | Embedding Chunk 286/529
2026-08-09 19:57:09,845 | INFO | Embedding Chunk 287/529
2026-08-09 19:57:09,977 | INFO | Embedding Chunk 288/529
2026-08-09 19:57:10,095 | INFO | Embedding Chunk 289/529
2026-08-09 19:57:10,211 | INFO | Embedding Chunk 290/529
2026-08-09 19:57:10,326 | INFO | Embedding Chunk 291/529
2026-08-09 19:57:10,445 | INFO | Embedding Chunk 292/529
2026-08-09 19:57:10,561 | INFO | Embedding Chunk 293/529
2026-08-09 19:57:10,674 | INFO | Embedding Chunk 294/529
2026-08-09 19:57:10,767 | INFO | Embedding Chunk 295/529
2026-08-09 19:57:10,862 | INFO | Embedding Chunk 296/529
2026-08-09 19:57:10,996 | INFO | Embedding Chunk 297/529
2026-08-09 19:57:11,090 | INFO | Embedding Chunk 298/529
2026-08-09 19:57:11,179 | INFO | Embedding Chunk 299/529
2026-08-09 19:57:11,268 | INFO | Embedding Chunk 300/529
2026-08-09 19:57:11,357 | INFO | Embedding Chunk 301/529
2026-08-09 19:57:11,450 | INFO | Embedding Chunk 302/529
2026-08-09 19:57:11,543 | INFO | Embedding Chunk 303/529
2026-08-09 19:57:11,638 | INFO | Embedding Chunk 304/529
2026-08-09 19:57:11,729 | INFO | Embedding Chunk 305/529
2026-08-09 19:57:11,819 | INFO | Embedding Chunk 306/529
2026-08-09 19:57:11,913 | INFO | Embedding Chunk 307/529
2026-08-09 19:57:12,002 | INFO | Embedding Chunk 308/529
2026-08-09 19:57:12,100 | INFO | Embedding Chunk 309/529
2026-08-09 19:57:12,191 | INFO | Embedding Chunk 310/529
2026-08-09 19:57:12,279 | INFO | Embedding Chunk 311/529
2026-08-09 19:57:12,373 | INFO | Embedding Chunk 312/529
2026-08-09 19:57:12,465 | INFO | Embedding Chunk 313/529
2026-08-09 19:57:12,557 | INFO | Embedding Chunk 314/529
2026-08-09 19:57:12,652 | INFO | Embedding Chunk 315/529
2026-08-09 19:57:12,756 | INFO | Embedding Chunk 316/529
2026-08-09 19:57:12,848 | INFO | Embedding Chunk 317/529
2026-08-09 19:57:12,944 | INFO | Embedding Chunk 318/529
2026-08-09 19:57:13,036 | INFO | Embedding Chunk 319/529
2026-08-09 19:57:13,129 | INFO | Embedding Chunk 320/529
2026-08-09 19:57:13,219 | INFO | Embedding Chunk 321/529
2026-08-09 19:57:13,317 | INFO | Embedding Chunk 322/529
2026-08-09 19:57:13,412 | INFO | Embedding Chunk 323/529
2026-08-09 19:57:13,505 | INFO | Embedding Chunk 324/529
2026-08-09 19:57:13,596 | INFO | Embedding Chunk 325/529
2026-08-09 19:57:13,701 | INFO | Embedding Chunk 326/529
2026-08-09 19:57:13,794 | INFO | Embedding Chunk 327/529
2026-08-09 19:57:13,883 | INFO | Embedding Chunk 328/529
2026-08-09 19:57:13,977 | INFO | Embedding Chunk 329/529
2026-08-09 19:57:14,068 | INFO | Embedding Chunk 330/529
2026-08-09 19:57:14,163 | INFO | Embedding Chunk 331/529
2026-08-09 19:57:14,283 | INFO | Embedding Chunk 332/529
2026-08-09 19:57:14,395 | INFO | Embedding Chunk 333/529
2026-08-09 19:57:14,486 | INFO | Embedding Chunk 334/529
2026-08-09 19:57:14,575 | INFO | Embedding Chunk 335/529
2026-08-09 19:57:14,673 | INFO | Embedding Chunk 336/529
2026-08-09 19:57:14,760 | INFO | Embedding Chunk 337/529
2026-08-09 19:57:14,856 | INFO | Embedding Chunk 338/529
2026-08-09 19:57:14,954 | INFO | Embedding Chunk 339/529
2026-08-09 19:57:15,052 | INFO | Embedding Chunk 340/529
2026-08-09 19:57:15,151 | INFO | Embedding Chunk 341/529
2026-08-09 19:57:15,243 | INFO | Embedding Chunk 342/529
2026-08-09 19:57:15,330 | INFO | Embedding Chunk 343/529
2026-08-09 19:57:15,440 | INFO | Embedding Chunk 344/529
2026-08-09 19:57:15,533 | INFO | Embedding Chunk 345/529
2026-08-09 19:57:15,632 | INFO | Embedding Chunk 346/529
2026-08-09 19:57:15,744 | INFO | Embedding Chunk 347/529
2026-08-09 19:57:15,833 | INFO | Embedding Chunk 348/529
2026-08-09 19:57:15,959 | INFO | Embedding Chunk 349/529
2026-08-09 19:57:16,090 | INFO | Embedding Chunk 350/529
2026-08-09 19:57:16,185 | INFO | Embedding Chunk 351/529
2026-08-09 19:57:16,315 | INFO | Embedding Chunk 352/529
2026-08-09 19:57:16,421 | INFO | Embedding Chunk 353/529
2026-08-09 19:57:16,526 | INFO | Embedding Chunk 354/529
2026-08-09 19:57:16,626 | INFO | Embedding Chunk 355/529
2026-08-09 19:57:16,785 | INFO | Embedding Chunk 356/529
2026-08-09 19:57:16,917 | INFO | Embedding Chunk 357/529
2026-08-09 19:57:17,066 | INFO | Embedding Chunk 358/529
2026-08-09 19:57:17,179 | INFO | Embedding Chunk 359/529
2026-08-09 19:57:17,347 | INFO | Embedding Chunk 360/529
2026-08-09 19:57:17,441 | INFO | Embedding Chunk 361/529
2026-08-09 19:57:17,559 | INFO | Embedding Chunk 362/529
2026-08-09 19:57:17,666 | INFO | Embedding Chunk 363/529
2026-08-09 19:57:17,813 | INFO | Embedding Chunk 364/529
2026-08-09 19:57:17,933 | INFO | Embedding Chunk 365/529
2026-08-09 19:57:18,101 | INFO | Embedding Chunk 366/529
2026-08-09 19:57:18,232 | INFO | Embedding Chunk 367/529
2026-08-09 19:57:18,412 | INFO | Embedding Chunk 368/529
2026-08-09 19:57:18,511 | INFO | Embedding Chunk 369/529
2026-08-09 19:57:18,606 | INFO | Embedding Chunk 370/529
2026-08-09 19:57:18,717 | INFO | Embedding Chunk 371/529
2026-08-09 19:57:18,820 | INFO | Embedding Chunk 372/529
2026-08-09 19:57:18,948 | INFO | Embedding Chunk 373/529
2026-08-09 19:57:19,037 | INFO | Embedding Chunk 374/529
2026-08-09 19:57:19,154 | INFO | Embedding Chunk 375/529
2026-08-09 19:57:19,270 | INFO | Embedding Chunk 376/529
2026-08-09 19:57:19,361 | INFO | Embedding Chunk 377/529
2026-08-09 19:57:19,472 | INFO | Embedding Chunk 378/529
2026-08-09 19:57:19,606 | INFO | Embedding Chunk 379/529
2026-08-09 19:57:19,718 | INFO | Embedding Chunk 380/529
2026-08-09 19:57:19,815 | INFO | Embedding Chunk 381/529
2026-08-09 19:57:19,923 | INFO | Embedding Chunk 382/529
2026-08-09 19:57:20,025 | INFO | Embedding Chunk 383/529
2026-08-09 19:57:20,117 | INFO | Embedding Chunk 384/529
2026-08-09 19:57:20,222 | INFO | Embedding Chunk 385/529
2026-08-09 19:57:20,332 | INFO | Embedding Chunk 386/529
2026-08-09 19:57:20,423 | INFO | Embedding Chunk 387/529
2026-08-09 19:57:20,519 | INFO | Embedding Chunk 388/529
2026-08-09 19:57:20,647 | INFO | Embedding Chunk 389/529
2026-08-09 19:57:20,739 | INFO | Embedding Chunk 390/529
2026-08-09 19:57:20,838 | INFO | Embedding Chunk 391/529
2026-08-09 19:57:20,936 | INFO | Embedding Chunk 392/529
2026-08-09 19:57:21,035 | INFO | Embedding Chunk 393/529
2026-08-09 19:57:21,130 | INFO | Embedding Chunk 394/529
2026-08-09 19:57:21,227 | INFO | Embedding Chunk 395/529
2026-08-09 19:57:21,323 | INFO | Embedding Chunk 396/529
2026-08-09 19:57:21,420 | INFO | Embedding Chunk 397/529
2026-08-09 19:57:21,514 | INFO | Embedding Chunk 398/529
2026-08-09 19:57:21,639 | INFO | Embedding Chunk 399/529
2026-08-09 19:57:21,777 | INFO | Embedding Chunk 400/529
2026-08-09 19:57:21,912 | INFO | Embedding Chunk 401/529
2026-08-09 19:57:22,086 | INFO | Embedding Chunk 402/529
2026-08-09 19:57:22,197 | INFO | Embedding Chunk 403/529
2026-08-09 19:57:22,332 | INFO | Embedding Chunk 404/529
2026-08-09 19:57:22,725 | INFO | Embedding Chunk 405/529
2026-08-09 19:57:22,842 | INFO | Embedding Chunk 406/529
2026-08-09 19:57:22,966 | INFO | Embedding Chunk 407/529
2026-08-09 19:57:23,121 | INFO | Embedding Chunk 408/529
2026-08-09 19:57:23,251 | INFO | Embedding Chunk 409/529
2026-08-09 19:57:23,376 | INFO | Embedding Chunk 410/529
2026-08-09 19:57:23,497 | INFO | Embedding Chunk 411/529
2026-08-09 19:57:23,612 | INFO | Embedding Chunk 412/529
2026-08-09 19:57:23,731 | INFO | Embedding Chunk 413/529
2026-08-09 19:57:23,850 | INFO | Embedding Chunk 414/529
2026-08-09 19:57:23,968 | INFO | Embedding Chunk 415/529
2026-08-09 19:57:24,095 | INFO | Embedding Chunk 416/529
2026-08-09 19:57:24,212 | INFO | Embedding Chunk 417/529
2026-08-09 19:57:24,329 | INFO | Embedding Chunk 418/529
2026-08-09 19:57:24,448 | INFO | Embedding Chunk 419/529
2026-08-09 19:57:24,539 | INFO | Embedding Chunk 420/529
2026-08-09 19:57:24,632 | INFO | Embedding Chunk 421/529
2026-08-09 19:57:24,724 | INFO | Embedding Chunk 422/529
2026-08-09 19:57:24,822 | INFO | Embedding Chunk 423/529
2026-08-09 19:57:24,916 | INFO | Embedding Chunk 424/529
2026-08-09 19:57:25,006 | INFO | Embedding Chunk 425/529
2026-08-09 19:57:25,096 | INFO | Embedding Chunk 426/529
2026-08-09 19:57:25,191 | INFO | Embedding Chunk 427/529
2026-08-09 19:57:25,282 | INFO | Embedding Chunk 428/529
2026-08-09 19:57:25,372 | INFO | Embedding Chunk 429/529
2026-08-09 19:57:25,467 | INFO | Embedding Chunk 430/529
2026-08-09 19:57:25,560 | INFO | Embedding Chunk 431/529
2026-08-09 19:57:25,658 | INFO | Embedding Chunk 432/529
2026-08-09 19:57:25,757 | INFO | Embedding Chunk 433/529
2026-08-09 19:57:25,850 | INFO | Embedding Chunk 434/529
2026-08-09 19:57:26,098 | INFO | Embedding Chunk 435/529
2026-08-09 19:57:26,224 | INFO | Embedding Chunk 436/529
2026-08-09 19:57:26,351 | INFO | Embedding Chunk 437/529
2026-08-09 19:57:26,478 | INFO | Embedding Chunk 438/529
2026-08-09 19:57:26,596 | INFO | Embedding Chunk 439/529
2026-08-09 19:57:26,799 | INFO | Embedding Chunk 440/529
2026-08-09 19:57:26,924 | INFO | Embedding Chunk 441/529
2026-08-09 19:57:27,071 | INFO | Embedding Chunk 442/529
2026-08-09 19:57:27,200 | INFO | Embedding Chunk 443/529
2026-08-09 19:57:27,326 | INFO | Embedding Chunk 444/529
2026-08-09 19:57:27,444 | INFO | Embedding Chunk 445/529
2026-08-09 19:57:27,563 | INFO | Embedding Chunk 446/529
2026-08-09 19:57:27,706 | INFO | Embedding Chunk 447/529
2026-08-09 19:57:27,829 | INFO | Embedding Chunk 448/529
2026-08-09 19:57:27,957 | INFO | Embedding Chunk 449/529
2026-08-09 19:57:28,071 | INFO | Embedding Chunk 450/529
2026-08-09 19:57:28,164 | INFO | Embedding Chunk 451/529
2026-08-09 19:57:28,474 | INFO | Embedding Chunk 452/529
2026-08-09 19:57:28,665 | INFO | Embedding Chunk 453/529
2026-08-09 19:57:28,765 | INFO | Embedding Chunk 454/529
2026-08-09 19:57:28,855 | INFO | Embedding Chunk 455/529
2026-08-09 19:57:28,947 | INFO | Embedding Chunk 456/529
2026-08-09 19:57:29,083 | INFO | Embedding Chunk 457/529
2026-08-09 19:57:29,172 | INFO | Embedding Chunk 458/529
2026-08-09 19:57:29,278 | INFO | Embedding Chunk 459/529
2026-08-09 19:57:29,388 | INFO | Embedding Chunk 460/529
2026-08-09 19:57:29,483 | INFO | Embedding Chunk 461/529
2026-08-09 19:57:29,576 | INFO | Embedding Chunk 462/529
2026-08-09 19:57:29,680 | INFO | Embedding Chunk 463/529
2026-08-09 19:57:29,779 | INFO | Embedding Chunk 464/529
2026-08-09 19:57:29,869 | INFO | Embedding Chunk 465/529
2026-08-09 19:57:29,960 | INFO | Embedding Chunk 466/529
2026-08-09 19:57:30,073 | INFO | Embedding Chunk 467/529
2026-08-09 19:57:30,171 | INFO | Embedding Chunk 468/529
2026-08-09 19:57:30,278 | INFO | Embedding Chunk 469/529
2026-08-09 19:57:30,368 | INFO | Embedding Chunk 470/529
2026-08-09 19:57:30,461 | INFO | Embedding Chunk 471/529
2026-08-09 19:57:30,556 | INFO | Embedding Chunk 472/529
2026-08-09 19:57:30,659 | INFO | Embedding Chunk 473/529
2026-08-09 19:57:30,857 | INFO | Embedding Chunk 474/529
2026-08-09 19:57:30,967 | INFO | Embedding Chunk 475/529
2026-08-09 19:57:31,063 | INFO | Embedding Chunk 476/529
2026-08-09 19:57:31,158 | INFO | Embedding Chunk 477/529
2026-08-09 19:57:31,250 | INFO | Embedding Chunk 478/529
2026-08-09 19:57:31,344 | INFO | Embedding Chunk 479/529
2026-08-09 19:57:31,439 | INFO | Embedding Chunk 480/529
2026-08-09 19:57:31,546 | INFO | Embedding Chunk 481/529
2026-08-09 19:57:31,649 | INFO | Embedding Chunk 482/529
2026-08-09 19:57:31,750 | INFO | Embedding Chunk 483/529
2026-08-09 19:57:32,017 | INFO | Embedding Chunk 484/529
2026-08-09 19:57:32,140 | INFO | Embedding Chunk 485/529
2026-08-09 19:57:32,256 | INFO | Embedding Chunk 486/529
2026-08-09 19:57:32,375 | INFO | Embedding Chunk 487/529
2026-08-09 19:57:32,491 | INFO | Embedding Chunk 488/529
2026-08-09 19:57:32,610 | INFO | Embedding Chunk 489/529
2026-08-09 19:57:32,731 | INFO | Embedding Chunk 490/529
2026-08-09 19:57:32,852 | INFO | Embedding Chunk 491/529
2026-08-09 19:57:32,973 | INFO | Embedding Chunk 492/529
2026-08-09 19:57:33,096 | INFO | Embedding Chunk 493/529
2026-08-09 19:57:33,216 | INFO | Embedding Chunk 494/529
2026-08-09 19:57:33,333 | INFO | Embedding Chunk 495/529
2026-08-09 19:57:33,452 | INFO | Embedding Chunk 496/529
2026-08-09 19:57:33,578 | INFO | Embedding Chunk 497/529
2026-08-09 19:57:33,698 | INFO | Embedding Chunk 498/529
2026-08-09 19:57:33,787 | INFO | Embedding Chunk 499/529
2026-08-09 19:57:33,879 | INFO | Embedding Chunk 500/529
2026-08-09 19:57:33,973 | INFO | Embedding Chunk 501/529
2026-08-09 19:57:34,062 | INFO | Embedding Chunk 502/529
2026-08-09 19:57:34,153 | INFO | Embedding Chunk 503/529
2026-08-09 19:57:34,246 | INFO | Embedding Chunk 504/529
2026-08-09 19:57:34,340 | INFO | Embedding Chunk 505/529
2026-08-09 19:57:34,426 | INFO | Embedding Chunk 506/529
2026-08-09 19:57:34,521 | INFO | Embedding Chunk 507/529
2026-08-09 19:57:34,620 | INFO | Embedding Chunk 508/529
2026-08-09 19:57:34,730 | INFO | Embedding Chunk 509/529
2026-08-09 19:57:34,823 | INFO | Embedding Chunk 510/529
2026-08-09 19:57:34,916 | INFO | Embedding Chunk 511/529
2026-08-09 19:57:35,006 | INFO | Embedding Chunk 512/529
2026-08-09 19:57:35,100 | INFO | Embedding Chunk 513/529
2026-08-09 19:57:35,192 | INFO | Embedding Chunk 514/529
2026-08-09 19:57:35,290 | INFO | Embedding Chunk 515/529
2026-08-09 19:57:35,378 | INFO | Embedding Chunk 516/529
2026-08-09 19:57:35,470 | INFO | Embedding Chunk 517/529
2026-08-09 19:57:35,566 | INFO | Embedding Chunk 518/529
2026-08-09 19:57:35,658 | INFO | Embedding Chunk 519/529
2026-08-09 19:57:35,749 | INFO | Embedding Chunk 520/529
2026-08-09 19:57:35,843 | INFO | Embedding Chunk 521/529
2026-08-09 19:57:35,937 | INFO | Embedding Chunk 522/529
2026-08-09 19:57:36,028 | INFO | Embedding Chunk 523/529
2026-08-09 19:57:36,119 | INFO | Embedding Chunk 524/529
2026-08-09 19:57:36,264 | INFO | Embedding Chunk 525/529
2026-08-09 19:57:36,405 | INFO | Embedding Chunk 526/529
2026-08-09 19:57:36,829 | INFO | Embedding Chunk 527/529
2026-08-09 19:57:36,946 | INFO | Embedding Chunk 528/529
2026-08-09 19:57:37,072 | INFO | Embedding Chunk 529/529
2026-08-09 19:57:39,866 | INFO | Saved embeddings -> C:\Users\Manav\OneDrive\Desktop\FraudTranactionDetection\RAG_Systems\Retriever_3_docs_on_guidelines\embeddings\NationalInsurance\NationalInsurance_Anti_Fraud_Policy_2026.json
2026-08-09 19:57:39,874 | INFO | Embedding NPCI_TransactionLimit_2026.json
2026-08-09 19:57:39,922 | INFO | Embedding Chunk 1/1
2026-08-09 19:57:40,049 | INFO | Saved embeddings -> C:\Users\Manav\OneDrive\Desktop\FraudTranactionDetection\RAG_Systems\Retriever_3_docs_on_guidelines\embeddings\NPCI\NPCI_TransactionLimit_2026.json
2026-08-09 19:57:40,057 | INFO | Embedding razorpay_fraud_detection_guidelines.json
2026-08-09 19:57:40,082 | INFO | Embedding Chunk 1/43
2026-08-09 19:57:40,203 | INFO | Embedding Chunk 2/43
2026-08-09 19:57:40,329 | INFO | Embedding Chunk 3/43
2026-08-09 19:57:40,443 | INFO | Embedding Chunk 4/43
2026-08-09 19:57:40,561 | INFO | Embedding Chunk 5/43
2026-08-09 19:57:40,677 | INFO | Embedding Chunk 6/43
2026-08-09 19:57:40,798 | INFO | Embedding Chunk 7/43
2026-08-09 19:57:40,916 | INFO | Embedding Chunk 8/43
2026-08-09 19:57:41,032 | INFO | Embedding Chunk 9/43
2026-08-09 19:57:41,190 | INFO | Embedding Chunk 10/43
2026-08-09 19:57:41,314 | INFO | Embedding Chunk 11/43
2026-08-09 19:57:41,432 | INFO | Embedding Chunk 12/43
2026-08-09 19:57:41,525 | INFO | Embedding Chunk 13/43
2026-08-09 19:57:41,618 | INFO | Embedding Chunk 14/43
2026-08-09 19:57:41,712 | INFO | Embedding Chunk 15/43
2026-08-09 19:57:41,810 | INFO | Embedding Chunk 16/43
2026-08-09 19:57:41,901 | INFO | Embedding Chunk 17/43
2026-08-09 19:57:41,991 | INFO | Embedding Chunk 18/43
2026-08-09 19:57:42,085 | INFO | Embedding Chunk 19/43
2026-08-09 19:57:42,182 | INFO | Embedding Chunk 20/43
2026-08-09 19:57:42,270 | INFO | Embedding Chunk 21/43
2026-08-09 19:57:42,368 | INFO | Embedding Chunk 22/43
2026-08-09 19:57:42,470 | INFO | Embedding Chunk 23/43
2026-08-09 19:57:42,571 | INFO | Embedding Chunk 24/43
2026-08-09 19:57:42,671 | INFO | Embedding Chunk 25/43
2026-08-09 19:57:42,785 | INFO | Embedding Chunk 26/43
2026-08-09 19:57:42,901 | INFO | Embedding Chunk 27/43
2026-08-09 19:57:43,357 | INFO | Embedding Chunk 28/43
2026-08-09 19:57:43,507 | INFO | Embedding Chunk 29/43
2026-08-09 19:57:43,635 | INFO | Embedding Chunk 30/43
2026-08-09 19:57:43,757 | INFO | Embedding Chunk 31/43
2026-08-09 19:57:43,876 | INFO | Embedding Chunk 32/43
2026-08-09 19:57:43,995 | INFO | Embedding Chunk 33/43
2026-08-09 19:57:44,110 | INFO | Embedding Chunk 34/43
2026-08-09 19:57:44,232 | INFO | Embedding Chunk 35/43
2026-08-09 19:57:44,352 | INFO | Embedding Chunk 36/43
2026-08-09 19:57:44,465 | INFO | Embedding Chunk 37/43
2026-08-09 19:57:44,583 | INFO | Embedding Chunk 38/43
2026-08-09 19:57:44,696 | INFO | Embedding Chunk 39/43
2026-08-09 19:57:44,813 | INFO | Embedding Chunk 40/43
2026-08-09 19:57:44,930 | INFO | Embedding Chunk 41/43
2026-08-09 19:57:45,018 | INFO | Embedding Chunk 42/43
2026-08-09 19:57:45,103 | INFO | Embedding Chunk 43/43
2026-08-09 19:57:45,396 | INFO | Saved embeddings -> C:\Users\Manav\OneDrive\Desktop\FraudTranactionDetection\RAG_Systems\Retriever_3_docs_on_guidelines\embeddings\Razorpay\razorpay_fraud_detection_guidelines.json
2026-08-09 19:57:45,396 | INFO | Embedding RBI_All_India_Financial_Institutions_Fraud_Risk_Management_Directions_2026.json
2026-08-09 19:57:45,429 | INFO | Embedding Chunk 1/228
2026-08-09 19:57:45,519 | INFO | Embedding Chunk 2/228
2026-08-09 19:57:45,612 | INFO | Embedding Chunk 3/228
2026-08-09 19:57:45,707 | INFO | Embedding Chunk 4/228
2026-08-09 19:57:45,796 | INFO | Embedding Chunk 5/228
2026-08-09 19:57:45,886 | INFO | Embedding Chunk 6/228
2026-08-09 19:57:45,977 | INFO | Embedding Chunk 7/228
2026-08-09 19:57:46,069 | INFO | Embedding Chunk 8/228
2026-08-09 19:57:46,162 | INFO | Embedding Chunk 9/228
2026-08-09 19:57:46,252 | INFO | Embedding Chunk 10/228
2026-08-09 19:57:46,344 | INFO | Embedding Chunk 11/228
2026-08-09 19:57:46,435 | INFO | Embedding Chunk 12/228
2026-08-09 19:57:46,527 | INFO | Embedding Chunk 13/228
2026-08-09 19:57:46,640 | INFO | Embedding Chunk 14/228
2026-08-09 19:57:46,915 | INFO | Embedding Chunk 15/228
2026-08-09 19:57:47,040 | INFO | Embedding Chunk 16/228
2026-08-09 19:57:47,159 | INFO | Embedding Chunk 17/228
2026-08-09 19:57:47,280 | INFO | Embedding Chunk 18/228
2026-08-09 19:57:47,395 | INFO | Embedding Chunk 19/228
2026-08-09 19:57:47,517 | INFO | Embedding Chunk 20/228
2026-08-09 19:57:47,637 | INFO | Embedding Chunk 21/228
2026-08-09 19:57:47,755 | INFO | Embedding Chunk 22/228
2026-08-09 19:57:47,873 | INFO | Embedding Chunk 23/228
2026-08-09 19:57:47,997 | INFO | Embedding Chunk 24/228
2026-08-09 19:57:48,111 | INFO | Embedding Chunk 25/228
2026-08-09 19:57:48,289 | INFO | Embedding Chunk 26/228
2026-08-09 19:57:48,494 | INFO | Embedding Chunk 27/228
2026-08-09 19:57:48,625 | INFO | Embedding Chunk 28/228
2026-08-09 19:57:48,751 | INFO | Embedding Chunk 29/228
2026-08-09 19:57:48,868 | INFO | Embedding Chunk 30/228
2026-08-09 19:57:48,968 | INFO | Embedding Chunk 31/228
2026-08-09 19:57:49,061 | INFO | Embedding Chunk 32/228
2026-08-09 19:57:49,151 | INFO | Embedding Chunk 33/228
2026-08-09 19:57:49,249 | INFO | Embedding Chunk 34/228
2026-08-09 19:57:49,358 | INFO | Embedding Chunk 35/228
2026-08-09 19:57:49,448 | INFO | Embedding Chunk 36/228
2026-08-09 19:57:49,631 | INFO | Embedding Chunk 37/228
2026-08-09 19:57:49,747 | INFO | Embedding Chunk 38/228
2026-08-09 19:57:49,868 | INFO | Embedding Chunk 39/228
2026-08-09 19:57:50,009 | INFO | Embedding Chunk 40/228
2026-08-09 19:57:50,146 | INFO | Embedding Chunk 41/228
2026-08-09 19:57:50,270 | INFO | Embedding Chunk 42/228
2026-08-09 19:57:50,387 | INFO | Embedding Chunk 43/228
2026-08-09 19:57:50,507 | INFO | Embedding Chunk 44/228
2026-08-09 19:57:50,641 | INFO | Embedding Chunk 45/228
2026-08-09 19:57:50,762 | INFO | Embedding Chunk 46/228
2026-08-09 19:57:50,890 | INFO | Embedding Chunk 47/228
2026-08-09 19:57:51,011 | INFO | Embedding Chunk 48/228
2026-08-09 19:57:51,130 | INFO | Embedding Chunk 49/228
2026-08-09 19:57:51,248 | INFO | Embedding Chunk 50/228
2026-08-09 19:57:51,368 | INFO | Embedding Chunk 51/228
2026-08-09 19:57:51,490 | INFO | Embedding Chunk 52/228
2026-08-09 19:57:51,580 | INFO | Embedding Chunk 53/228
2026-08-09 19:57:51,702 | INFO | Embedding Chunk 54/228
2026-08-09 19:57:51,793 | INFO | Embedding Chunk 55/228
2026-08-09 19:57:51,884 | INFO | Embedding Chunk 56/228
2026-08-09 19:57:51,973 | INFO | Embedding Chunk 57/228
2026-08-09 19:57:52,066 | INFO | Embedding Chunk 58/228
2026-08-09 19:57:52,159 | INFO | Embedding Chunk 59/228
2026-08-09 19:57:52,257 | INFO | Embedding Chunk 60/228
2026-08-09 19:57:52,348 | INFO | Embedding Chunk 61/228
2026-08-09 19:57:52,444 | INFO | Embedding Chunk 62/228
2026-08-09 19:57:52,646 | INFO | Embedding Chunk 63/228
2026-08-09 19:57:52,766 | INFO | Embedding Chunk 64/228
2026-08-09 19:57:52,922 | INFO | Embedding Chunk 65/228
2026-08-09 19:57:53,108 | INFO | Embedding Chunk 66/228
2026-08-09 19:57:53,255 | INFO | Embedding Chunk 67/228
2026-08-09 19:57:53,571 | INFO | Embedding Chunk 68/228
2026-08-09 19:57:53,720 | INFO | Embedding Chunk 69/228
2026-08-09 19:57:53,871 | INFO | Embedding Chunk 70/228
2026-08-09 19:57:54,027 | INFO | Embedding Chunk 71/228
2026-08-09 19:57:54,186 | INFO | Embedding Chunk 72/228
2026-08-09 19:57:54,320 | INFO | Embedding Chunk 73/228
2026-08-09 19:57:54,447 | INFO | Embedding Chunk 74/228
2026-08-09 19:57:54,563 | INFO | Embedding Chunk 75/228
2026-08-09 19:57:54,685 | INFO | Embedding Chunk 76/228
2026-08-09 19:57:54,815 | INFO | Embedding Chunk 77/228
2026-08-09 19:57:54,944 | INFO | Embedding Chunk 78/228
2026-08-09 19:57:55,058 | INFO | Embedding Chunk 79/228
2026-08-09 19:57:55,176 | INFO | Embedding Chunk 80/228
2026-08-09 19:57:55,299 | INFO | Embedding Chunk 81/228
2026-08-09 19:57:55,419 | INFO | Embedding Chunk 82/228
2026-08-09 19:57:55,541 | INFO | Embedding Chunk 83/228
2026-08-09 19:57:55,662 | INFO | Embedding Chunk 84/228
2026-08-09 19:57:55,784 | INFO | Embedding Chunk 85/228
2026-08-09 19:57:55,906 | INFO | Embedding Chunk 86/228
2026-08-09 19:57:56,032 | INFO | Embedding Chunk 87/228
2026-08-09 19:57:56,152 | INFO | Embedding Chunk 88/228
2026-08-09 19:57:56,269 | INFO | Embedding Chunk 89/228
2026-08-09 19:57:56,388 | INFO | Embedding Chunk 90/228
2026-08-09 19:57:56,506 | INFO | Embedding Chunk 91/228
2026-08-09 19:57:56,624 | INFO | Embedding Chunk 92/228
2026-08-09 19:57:56,723 | INFO | Embedding Chunk 93/228
2026-08-09 19:57:56,818 | INFO | Embedding Chunk 94/228
2026-08-09 19:57:56,913 | INFO | Embedding Chunk 95/228
2026-08-09 19:57:57,012 | INFO | Embedding Chunk 96/228
2026-08-09 19:57:57,102 | INFO | Embedding Chunk 97/228
2026-08-09 19:57:57,198 | INFO | Embedding Chunk 98/228
2026-08-09 19:57:57,313 | INFO | Embedding Chunk 99/228
2026-08-09 19:57:57,404 | INFO | Embedding Chunk 100/228
2026-08-09 19:57:57,498 | INFO | Embedding Chunk 101/228
2026-08-09 19:57:57,586 | INFO | Embedding Chunk 102/228
2026-08-09 19:57:57,685 | INFO | Embedding Chunk 103/228
2026-08-09 19:57:57,829 | INFO | Embedding Chunk 104/228
2026-08-09 19:57:58,029 | INFO | Embedding Chunk 105/228
2026-08-09 19:57:58,138 | INFO | Embedding Chunk 106/228
2026-08-09 19:57:58,249 | INFO | Embedding Chunk 107/228
2026-08-09 19:57:58,351 | INFO | Embedding Chunk 108/228
2026-08-09 19:57:58,442 | INFO | Embedding Chunk 109/228
2026-08-09 19:57:58,532 | INFO | Embedding Chunk 110/228
2026-08-09 19:57:58,621 | INFO | Embedding Chunk 111/228
2026-08-09 19:57:58,735 | INFO | Embedding Chunk 112/228
2026-08-09 19:57:58,825 | INFO | Embedding Chunk 113/228
2026-08-09 19:57:58,919 | INFO | Embedding Chunk 114/228
2026-08-09 19:57:59,013 | INFO | Embedding Chunk 115/228
2026-08-09 19:57:59,106 | INFO | Embedding Chunk 116/228
2026-08-09 19:57:59,196 | INFO | Embedding Chunk 117/228
2026-08-09 19:57:59,286 | INFO | Embedding Chunk 118/228
2026-08-09 19:57:59,380 | INFO | Embedding Chunk 119/228
2026-08-09 19:57:59,468 | INFO | Embedding Chunk 120/228
2026-08-09 19:57:59,557 | INFO | Embedding Chunk 121/228
2026-08-09 19:57:59,778 | INFO | Embedding Chunk 122/228
2026-08-09 19:57:59,898 | INFO | Embedding Chunk 123/228
2026-08-09 19:58:00,023 | INFO | Embedding Chunk 124/228
2026-08-09 19:58:00,144 | INFO | Embedding Chunk 125/228
2026-08-09 19:58:00,286 | INFO | Embedding Chunk 126/228
2026-08-09 19:58:00,405 | INFO | Embedding Chunk 127/228
2026-08-09 19:58:00,525 | INFO | Embedding Chunk 128/228
2026-08-09 19:58:00,649 | INFO | Embedding Chunk 129/228
2026-08-09 19:58:00,768 | INFO | Embedding Chunk 130/228
2026-08-09 19:58:00,890 | INFO | Embedding Chunk 131/228
2026-08-09 19:58:01,012 | INFO | Embedding Chunk 132/228
2026-08-09 19:58:01,136 | INFO | Embedding Chunk 133/228
2026-08-09 19:58:01,259 | INFO | Embedding Chunk 134/228
2026-08-09 19:58:01,378 | INFO | Embedding Chunk 135/228
2026-08-09 19:58:01,500 | INFO | Embedding Chunk 136/228
2026-08-09 19:58:01,616 | INFO | Embedding Chunk 137/228
2026-08-09 19:58:01,702 | INFO | Embedding Chunk 138/228
2026-08-09 19:58:01,807 | INFO | Embedding Chunk 139/228
2026-08-09 19:58:01,903 | INFO | Embedding Chunk 140/228
2026-08-09 19:58:01,986 | INFO | Embedding Chunk 141/228
2026-08-09 19:58:02,089 | INFO | Embedding Chunk 142/228
2026-08-09 19:58:02,187 | INFO | Embedding Chunk 143/228
2026-08-09 19:58:02,279 | INFO | Embedding Chunk 144/228
2026-08-09 19:58:02,380 | INFO | Embedding Chunk 145/228
2026-08-09 19:58:02,477 | INFO | Embedding Chunk 146/228
2026-08-09 19:58:02,563 | INFO | Embedding Chunk 147/228
2026-08-09 19:58:02,684 | INFO | Embedding Chunk 148/228
2026-08-09 19:58:02,776 | INFO | Embedding Chunk 149/228
2026-08-09 19:58:02,878 | INFO | Embedding Chunk 150/228
2026-08-09 19:58:02,975 | INFO | Embedding Chunk 151/228
2026-08-09 19:58:03,080 | INFO | Embedding Chunk 152/228
2026-08-09 19:58:03,174 | INFO | Embedding Chunk 153/228
2026-08-09 19:58:03,277 | INFO | Embedding Chunk 154/228
2026-08-09 19:58:03,368 | INFO | Embedding Chunk 155/228
2026-08-09 19:58:03,457 | INFO | Embedding Chunk 156/228
2026-08-09 19:58:03,547 | INFO | Embedding Chunk 157/228
2026-08-09 19:58:03,635 | INFO | Embedding Chunk 158/228
2026-08-09 19:58:03,728 | INFO | Embedding Chunk 159/228
2026-08-09 19:58:03,818 | INFO | Embedding Chunk 160/228
2026-08-09 19:58:03,909 | INFO | Embedding Chunk 161/228
2026-08-09 19:58:04,007 | INFO | Embedding Chunk 162/228
2026-08-09 19:58:04,105 | INFO | Embedding Chunk 163/228
2026-08-09 19:58:04,201 | INFO | Embedding Chunk 164/228
2026-08-09 19:58:04,318 | INFO | Embedding Chunk 165/228
2026-08-09 19:58:04,412 | INFO | Embedding Chunk 166/228
2026-08-09 19:58:04,503 | INFO | Embedding Chunk 167/228
2026-08-09 19:58:04,598 | INFO | Embedding Chunk 168/228
2026-08-09 19:58:04,689 | INFO | Embedding Chunk 169/228
2026-08-09 19:58:04,777 | INFO | Embedding Chunk 170/228
2026-08-09 19:58:04,867 | INFO | Embedding Chunk 171/228
2026-08-09 19:58:04,964 | INFO | Embedding Chunk 172/228
2026-08-09 19:58:05,055 | INFO | Embedding Chunk 173/228
2026-08-09 19:58:05,148 | INFO | Embedding Chunk 174/228
2026-08-09 19:58:05,238 | INFO | Embedding Chunk 175/228
2026-08-09 19:58:05,336 | INFO | Embedding Chunk 176/228
2026-08-09 19:58:05,431 | INFO | Embedding Chunk 177/228
2026-08-09 19:58:05,522 | INFO | Embedding Chunk 178/228
2026-08-09 19:58:05,616 | INFO | Embedding Chunk 179/228
2026-08-09 19:58:05,711 | INFO | Embedding Chunk 180/228
2026-08-09 19:58:05,803 | INFO | Embedding Chunk 181/228
2026-08-09 19:58:05,889 | INFO | Embedding Chunk 182/228
2026-08-09 19:58:05,981 | INFO | Embedding Chunk 183/228
2026-08-09 19:58:06,073 | INFO | Embedding Chunk 184/228
2026-08-09 19:58:06,160 | INFO | Embedding Chunk 185/228
2026-08-09 19:58:06,254 | INFO | Embedding Chunk 186/228
2026-08-09 19:58:06,346 | INFO | Embedding Chunk 187/228
2026-08-09 19:58:06,439 | INFO | Embedding Chunk 188/228
2026-08-09 19:58:06,533 | INFO | Embedding Chunk 189/228
2026-08-09 19:58:06,623 | INFO | Embedding Chunk 190/228
2026-08-09 19:58:06,715 | INFO | Embedding Chunk 191/228
2026-08-09 19:58:06,807 | INFO | Embedding Chunk 192/228
2026-08-09 19:58:06,903 | INFO | Embedding Chunk 193/228
2026-08-09 19:58:06,993 | INFO | Embedding Chunk 194/228
2026-08-09 19:58:07,094 | INFO | Embedding Chunk 195/228
2026-08-09 19:58:07,191 | INFO | Embedding Chunk 196/228
2026-08-09 19:58:07,281 | INFO | Embedding Chunk 197/228
2026-08-09 19:58:07,369 | INFO | Embedding Chunk 198/228
2026-08-09 19:58:07,461 | INFO | Embedding Chunk 199/228
2026-08-09 19:58:07,549 | INFO | Embedding Chunk 200/228
2026-08-09 19:58:07,639 | INFO | Embedding Chunk 201/228
2026-08-09 19:58:07,732 | INFO | Embedding Chunk 202/228
2026-08-09 19:58:07,824 | INFO | Embedding Chunk 203/228
2026-08-09 19:58:07,914 | INFO | Embedding Chunk 204/228
2026-08-09 19:58:15,777 | INFO | Embedding Chunk 205/228
2026-08-09 19:58:15,946 | INFO | Embedding Chunk 206/228
2026-08-09 19:58:16,079 | INFO | Embedding Chunk 207/228
2026-08-09 19:58:16,196 | INFO | Embedding Chunk 208/228
2026-08-09 19:58:16,312 | INFO | Embedding Chunk 209/228
2026-08-09 19:58:16,436 | INFO | Embedding Chunk 210/228
2026-08-09 19:58:16,558 | INFO | Embedding Chunk 211/228
2026-08-09 19:58:16,665 | INFO | Embedding Chunk 212/228
2026-08-09 19:58:16,756 | INFO | Embedding Chunk 213/228
2026-08-09 19:58:16,848 | INFO | Embedding Chunk 214/228
2026-08-09 19:58:16,945 | INFO | Embedding Chunk 215/228
2026-08-09 19:58:17,049 | INFO | Embedding Chunk 216/228
2026-08-09 19:58:17,140 | INFO | Embedding Chunk 217/228
2026-08-09 19:58:17,232 | INFO | Embedding Chunk 218/228
2026-08-09 19:58:17,321 | INFO | Embedding Chunk 219/228
2026-08-09 19:58:17,419 | INFO | Embedding Chunk 220/228
2026-08-09 19:58:17,532 | INFO | Embedding Chunk 221/228
2026-08-09 19:58:17,627 | INFO | Embedding Chunk 222/228
2026-08-09 19:58:17,716 | INFO | Embedding Chunk 223/228
2026-08-09 19:58:17,808 | INFO | Embedding Chunk 224/228
2026-08-09 19:58:17,903 | INFO | Embedding Chunk 225/228
2026-08-09 19:58:17,994 | INFO | Embedding Chunk 226/228
2026-08-09 19:58:18,083 | INFO | Embedding Chunk 227/228
2026-08-09 19:58:18,169 | INFO | Embedding Chunk 228/228
2026-08-09 19:58:19,339 | INFO | Saved embeddings -> C:\Users\Manav\OneDrive\Desktop\FraudTranactionDetection\RAG_Systems\Retriever_3_docs_on_guidelines\embeddings\RBI\RBI_All_India_Financial_Institutions_Fraud_Risk_Management_Directions_2026.json
2026-08-09 19:58:19,342 | INFO | Embedding RBI_Commercial_Banks_Fraud_Risk_Management_Directions_2026.json
2026-08-09 19:58:19,394 | INFO | Embedding Chunk 1/238
2026-08-09 19:58:19,499 | INFO | Embedding Chunk 2/238
2026-08-09 19:58:19,589 | INFO | Embedding Chunk 3/238
2026-08-09 19:58:19,677 | INFO | Embedding Chunk 4/238
2026-08-09 19:58:19,783 | INFO | Embedding Chunk 5/238
2026-08-09 19:58:19,895 | INFO | Embedding Chunk 6/238
2026-08-09 19:58:19,988 | INFO | Embedding Chunk 7/238
2026-08-09 19:58:20,079 | INFO | Embedding Chunk 8/238
2026-08-09 19:58:20,167 | INFO | Embedding Chunk 9/238
2026-08-09 19:58:20,260 | INFO | Embedding Chunk 10/238
2026-08-09 19:58:20,361 | INFO | Embedding Chunk 11/238
2026-08-09 19:58:20,453 | INFO | Embedding Chunk 12/238
2026-08-09 19:58:20,540 | INFO | Embedding Chunk 13/238
2026-08-09 19:58:20,628 | INFO | Embedding Chunk 14/238
2026-08-09 19:58:20,718 | INFO | Embedding Chunk 15/238
2026-08-09 19:58:20,808 | INFO | Embedding Chunk 16/238
2026-08-09 19:58:20,904 | INFO | Embedding Chunk 17/238
2026-08-09 19:58:20,995 | INFO | Embedding Chunk 18/238
2026-08-09 19:58:21,084 | INFO | Embedding Chunk 19/238
2026-08-09 19:58:21,175 | INFO | Embedding Chunk 20/238
2026-08-09 19:58:21,267 | INFO | Embedding Chunk 21/238
2026-08-09 19:58:21,354 | INFO | Embedding Chunk 22/238
2026-08-09 19:58:21,445 | INFO | Embedding Chunk 23/238
2026-08-09 19:58:21,548 | INFO | Embedding Chunk 24/238
2026-08-09 19:58:21,637 | INFO | Embedding Chunk 25/238
2026-08-09 19:58:21,728 | INFO | Embedding Chunk 26/238
2026-08-09 19:58:21,820 | INFO | Embedding Chunk 27/238
2026-08-09 19:58:21,910 | INFO | Embedding Chunk 28/238
2026-08-09 19:58:22,000 | INFO | Embedding Chunk 29/238
2026-08-09 19:58:22,096 | INFO | Embedding Chunk 30/238
2026-08-09 19:58:22,187 | INFO | Embedding Chunk 31/238
2026-08-09 19:58:22,399 | INFO | Embedding Chunk 32/238
2026-08-09 19:58:22,607 | INFO | Embedding Chunk 33/238
2026-08-09 19:58:22,831 | INFO | Embedding Chunk 34/238
2026-08-09 19:58:23,012 | INFO | Embedding Chunk 35/238
2026-08-09 19:58:23,212 | INFO | Embedding Chunk 36/238
2026-08-09 19:58:23,307 | INFO | Embedding Chunk 37/238
2026-08-09 19:58:23,402 | INFO | Embedding Chunk 38/238
2026-08-09 19:58:23,498 | INFO | Embedding Chunk 39/238
2026-08-09 19:58:23,586 | INFO | Embedding Chunk 40/238
2026-08-09 19:58:23,682 | INFO | Embedding Chunk 41/238
2026-08-09 19:58:23,777 | INFO | Embedding Chunk 42/238
2026-08-09 19:58:23,868 | INFO | Embedding Chunk 43/238
2026-08-09 19:58:23,976 | INFO | Embedding Chunk 44/238
2026-08-09 19:58:24,068 | INFO | Embedding Chunk 45/238
2026-08-09 19:58:24,160 | INFO | Embedding Chunk 46/238
2026-08-09 19:58:24,246 | INFO | Embedding Chunk 47/238
2026-08-09 19:58:24,340 | INFO | Embedding Chunk 48/238
2026-08-09 19:58:24,426 | INFO | Embedding Chunk 49/238
2026-08-09 19:58:24,516 | INFO | Embedding Chunk 50/238
2026-08-09 19:58:24,613 | INFO | Embedding Chunk 51/238
2026-08-09 19:58:24,813 | INFO | Embedding Chunk 52/238
2026-08-09 19:58:25,091 | INFO | Embedding Chunk 53/238
2026-08-09 19:58:25,214 | INFO | Embedding Chunk 54/238
2026-08-09 19:58:25,386 | INFO | Embedding Chunk 55/238
2026-08-09 19:58:25,507 | INFO | Embedding Chunk 56/238
2026-08-09 19:58:25,627 | INFO | Embedding Chunk 57/238
2026-08-09 19:58:25,748 | INFO | Embedding Chunk 58/238
2026-08-09 19:58:25,865 | INFO | Embedding Chunk 59/238
2026-08-09 19:58:25,982 | INFO | Embedding Chunk 60/238
2026-08-09 19:58:26,116 | INFO | Embedding Chunk 61/238
2026-08-09 19:58:26,253 | INFO | Embedding Chunk 62/238
2026-08-09 19:58:26,433 | INFO | Embedding Chunk 63/238
2026-08-09 19:58:26,622 | INFO | Embedding Chunk 64/238
2026-08-09 19:58:26,770 | INFO | Embedding Chunk 65/238
2026-08-09 19:58:26,918 | INFO | Embedding Chunk 66/238
2026-08-09 19:58:27,049 | INFO | Embedding Chunk 67/238
2026-08-09 19:58:27,168 | INFO | Embedding Chunk 68/238
2026-08-09 19:58:27,283 | INFO | Embedding Chunk 69/238
2026-08-09 19:58:27,406 | INFO | Embedding Chunk 70/238
2026-08-09 19:58:27,528 | INFO | Embedding Chunk 71/238
2026-08-09 19:58:27,653 | INFO | Embedding Chunk 72/238
2026-08-09 19:58:27,775 | INFO | Embedding Chunk 73/238
2026-08-09 19:58:27,896 | INFO | Embedding Chunk 74/238
2026-08-09 19:58:28,001 | INFO | Embedding Chunk 75/238
2026-08-09 19:58:28,131 | INFO | Embedding Chunk 76/238
2026-08-09 19:58:28,254 | INFO | Embedding Chunk 77/238
2026-08-09 19:58:28,373 | INFO | Embedding Chunk 78/238
2026-08-09 19:58:28,486 | INFO | Embedding Chunk 79/238
2026-08-09 19:58:28,608 | INFO | Embedding Chunk 80/238
2026-08-09 19:58:28,727 | INFO | Embedding Chunk 81/238
2026-08-09 19:58:28,841 | INFO | Embedding Chunk 82/238
2026-08-09 19:58:28,959 | INFO | Embedding Chunk 83/238
2026-08-09 19:58:29,074 | INFO | Embedding Chunk 84/238
2026-08-09 19:58:29,191 | INFO | Embedding Chunk 85/238
2026-08-09 19:58:29,310 | INFO | Embedding Chunk 86/238
2026-08-09 19:58:29,426 | INFO | Embedding Chunk 87/238
2026-08-09 19:58:29,519 | INFO | Embedding Chunk 88/238
2026-08-09 19:58:29,608 | INFO | Embedding Chunk 89/238
2026-08-09 19:58:29,708 | INFO | Embedding Chunk 90/238
2026-08-09 19:58:29,810 | INFO | Embedding Chunk 91/238
2026-08-09 19:58:29,900 | INFO | Embedding Chunk 92/238
2026-08-09 19:58:29,997 | INFO | Embedding Chunk 93/238
2026-08-09 19:58:30,099 | INFO | Embedding Chunk 94/238
2026-08-09 19:58:30,328 | INFO | Embedding Chunk 95/238
2026-08-09 19:58:30,483 | INFO | Embedding Chunk 96/238
2026-08-09 19:58:30,583 | INFO | Embedding Chunk 97/238
2026-08-09 19:58:30,682 | INFO | Embedding Chunk 98/238
2026-08-09 19:58:30,804 | INFO | Embedding Chunk 99/238
2026-08-09 19:58:30,901 | INFO | Embedding Chunk 100/238
2026-08-09 19:58:31,008 | INFO | Embedding Chunk 101/238
2026-08-09 19:58:31,121 | INFO | Embedding Chunk 102/238
2026-08-09 19:58:31,215 | INFO | Embedding Chunk 103/238
2026-08-09 19:58:31,331 | INFO | Embedding Chunk 104/238
2026-08-09 19:58:31,425 | INFO | Embedding Chunk 105/238
2026-08-09 19:58:31,514 | INFO | Embedding Chunk 106/238
2026-08-09 19:58:31,626 | INFO | Embedding Chunk 107/238
2026-08-09 19:58:31,729 | INFO | Embedding Chunk 108/238
2026-08-09 19:58:31,904 | INFO | Embedding Chunk 109/238
2026-08-09 19:58:32,001 | INFO | Embedding Chunk 110/238
2026-08-09 19:58:32,098 | INFO | Embedding Chunk 111/238
2026-08-09 19:58:32,185 | INFO | Embedding Chunk 112/238
2026-08-09 19:58:32,275 | INFO | Embedding Chunk 113/238
2026-08-09 19:58:32,529 | INFO | Embedding Chunk 114/238
2026-08-09 19:58:32,650 | INFO | Embedding Chunk 115/238
2026-08-09 19:58:32,764 | INFO | Embedding Chunk 116/238
2026-08-09 19:58:32,886 | INFO | Embedding Chunk 117/238
2026-08-09 19:58:33,008 | INFO | Embedding Chunk 118/238
2026-08-09 19:58:33,131 | INFO | Embedding Chunk 119/238
2026-08-09 19:58:33,251 | INFO | Embedding Chunk 120/238
2026-08-09 19:58:33,442 | INFO | Embedding Chunk 121/238
2026-08-09 19:58:33,603 | INFO | Embedding Chunk 122/238
2026-08-09 19:58:33,764 | INFO | Embedding Chunk 123/238
2026-08-09 19:58:33,911 | INFO | Embedding Chunk 124/238
2026-08-09 19:58:34,047 | INFO | Embedding Chunk 125/238
2026-08-09 19:58:34,170 | INFO | Embedding Chunk 126/238
2026-08-09 19:58:34,298 | INFO | Embedding Chunk 127/238
2026-08-09 19:58:34,412 | INFO | Embedding Chunk 128/238
2026-08-09 19:58:34,533 | INFO | Embedding Chunk 129/238
2026-08-09 19:58:34,650 | INFO | Embedding Chunk 130/238
2026-08-09 19:58:34,770 | INFO | Embedding Chunk 131/238
2026-08-09 19:58:34,887 | INFO | Embedding Chunk 132/238
2026-08-09 19:58:35,004 | INFO | Embedding Chunk 133/238
2026-08-09 19:58:35,123 | INFO | Embedding Chunk 134/238
2026-08-09 19:58:35,347 | INFO | Embedding Chunk 135/238
2026-08-09 19:58:35,482 | INFO | Embedding Chunk 136/238
2026-08-09 19:58:35,663 | INFO | Embedding Chunk 137/238
2026-08-09 19:58:35,925 | INFO | Embedding Chunk 138/238
2026-08-09 19:58:36,054 | INFO | Embedding Chunk 139/238
2026-08-09 19:58:36,190 | INFO | Embedding Chunk 140/238
2026-08-09 19:58:36,312 | INFO | Embedding Chunk 141/238
2026-08-09 19:58:36,443 | INFO | Embedding Chunk 142/238
2026-08-09 19:58:36,564 | INFO | Embedding Chunk 143/238
2026-08-09 19:58:36,677 | INFO | Embedding Chunk 144/238
2026-08-09 19:58:36,803 | INFO | Embedding Chunk 145/238
2026-08-09 19:58:36,930 | INFO | Embedding Chunk 146/238
2026-08-09 19:58:37,058 | INFO | Embedding Chunk 147/238
2026-08-09 19:58:37,182 | INFO | Embedding Chunk 148/238
2026-08-09 19:58:37,297 | INFO | Embedding Chunk 149/238
2026-08-09 19:58:37,420 | INFO | Embedding Chunk 150/238
2026-08-09 19:58:37,530 | INFO | Embedding Chunk 151/238
2026-08-09 19:58:37,692 | INFO | Embedding Chunk 152/238
2026-08-09 19:58:37,820 | INFO | Embedding Chunk 153/238
2026-08-09 19:58:37,996 | INFO | Embedding Chunk 154/238
2026-08-09 19:58:38,118 | INFO | Embedding Chunk 155/238
2026-08-09 19:58:38,330 | INFO | Embedding Chunk 156/238
2026-08-09 19:58:38,478 | INFO | Embedding Chunk 157/238
2026-08-09 19:58:38,618 | INFO | Embedding Chunk 158/238
2026-08-09 19:58:39,007 | INFO | Embedding Chunk 159/238
2026-08-09 19:58:39,140 | INFO | Embedding Chunk 160/238
2026-08-09 19:58:39,262 | INFO | Embedding Chunk 161/238
2026-08-09 19:58:39,387 | INFO | Embedding Chunk 162/238
2026-08-09 19:58:39,605 | INFO | Embedding Chunk 163/238
2026-08-09 19:58:39,728 | INFO | Embedding Chunk 164/238
2026-08-09 19:58:39,860 | INFO | Embedding Chunk 165/238
2026-08-09 19:58:39,986 | INFO | Embedding Chunk 166/238
2026-08-09 19:58:40,106 | INFO | Embedding Chunk 167/238
2026-08-09 19:58:40,231 | INFO | Embedding Chunk 168/238
2026-08-09 19:58:40,384 | INFO | Embedding Chunk 169/238
2026-08-09 19:58:40,727 | INFO | Embedding Chunk 170/238
2026-08-09 19:58:40,939 | INFO | Embedding Chunk 171/238
2026-08-09 19:58:41,120 | INFO | Embedding Chunk 172/238
2026-08-09 19:58:41,317 | INFO | Embedding Chunk 173/238
2026-08-09 19:58:41,496 | INFO | Embedding Chunk 174/238
2026-08-09 19:58:41,671 | INFO | Embedding Chunk 175/238
2026-08-09 19:58:41,959 | INFO | Embedding Chunk 176/238
2026-08-09 19:58:42,220 | INFO | Embedding Chunk 177/238
2026-08-09 19:58:42,640 | INFO | Embedding Chunk 178/238
2026-08-09 19:58:42,796 | INFO | Embedding Chunk 179/238
2026-08-09 19:58:42,971 | INFO | Embedding Chunk 180/238
2026-08-09 19:58:43,120 | INFO | Embedding Chunk 181/238
2026-08-09 19:58:43,279 | INFO | Embedding Chunk 182/238
2026-08-09 19:58:43,411 | INFO | Embedding Chunk 183/238
2026-08-09 19:58:43,529 | INFO | Embedding Chunk 184/238
2026-08-09 19:58:43,669 | INFO | Embedding Chunk 185/238
2026-08-09 19:58:43,796 | INFO | Embedding Chunk 186/238
2026-08-09 19:58:43,922 | INFO | Embedding Chunk 187/238
2026-08-09 19:58:44,046 | INFO | Embedding Chunk 188/238
2026-08-09 19:58:44,169 | INFO | Embedding Chunk 189/238
2026-08-09 19:58:44,296 | INFO | Embedding Chunk 190/238
2026-08-09 19:58:44,413 | INFO | Embedding Chunk 191/238
2026-08-09 19:58:44,528 | INFO | Embedding Chunk 192/238
2026-08-09 19:58:44,653 | INFO | Embedding Chunk 193/238
2026-08-09 19:58:44,775 | INFO | Embedding Chunk 194/238
2026-08-09 19:58:44,889 | INFO | Embedding Chunk 195/238
2026-08-09 19:58:45,010 | INFO | Embedding Chunk 196/238
2026-08-09 19:58:45,127 | INFO | Embedding Chunk 197/238
2026-08-09 19:58:45,245 | INFO | Embedding Chunk 198/238
2026-08-09 19:58:45,361 | INFO | Embedding Chunk 199/238
2026-08-09 19:58:45,479 | INFO | Embedding Chunk 200/238
2026-08-09 19:58:45,598 | INFO | Embedding Chunk 201/238
2026-08-09 19:58:45,716 | INFO | Embedding Chunk 202/238
2026-08-09 19:58:45,832 | INFO | Embedding Chunk 203/238
2026-08-09 19:58:45,923 | INFO | Embedding Chunk 204/238
2026-08-09 19:58:46,012 | INFO | Embedding Chunk 205/238
2026-08-09 19:58:46,102 | INFO | Embedding Chunk 206/238
2026-08-09 19:58:46,198 | INFO | Embedding Chunk 207/238
2026-08-09 19:58:46,295 | INFO | Embedding Chunk 208/238
2026-08-09 19:58:46,484 | INFO | Embedding Chunk 209/238
2026-08-09 19:58:46,628 | INFO | Embedding Chunk 210/238
2026-08-09 19:58:46,729 | INFO | Embedding Chunk 211/238
2026-08-09 19:58:46,828 | INFO | Embedding Chunk 212/238
2026-08-09 19:58:46,930 | INFO | Embedding Chunk 213/238
2026-08-09 19:58:47,050 | INFO | Embedding Chunk 214/238
2026-08-09 19:58:47,189 | INFO | Embedding Chunk 215/238
2026-08-09 19:58:47,306 | INFO | Embedding Chunk 216/238
2026-08-09 19:58:47,396 | INFO | Embedding Chunk 217/238
2026-08-09 19:58:47,588 | INFO | Embedding Chunk 218/238
2026-08-09 19:58:47,676 | INFO | Embedding Chunk 219/238
2026-08-09 19:58:47,769 | INFO | Embedding Chunk 220/238
2026-08-09 19:58:47,857 | INFO | Embedding Chunk 221/238
2026-08-09 19:58:47,953 | INFO | Embedding Chunk 222/238
2026-08-09 19:58:48,030 | INFO | Embedding Chunk 223/238
2026-08-09 19:58:48,135 | INFO | Embedding Chunk 224/238
2026-08-09 19:58:48,229 | INFO | Embedding Chunk 225/238
2026-08-09 19:58:48,323 | INFO | Embedding Chunk 226/238
2026-08-09 19:58:48,412 | INFO | Embedding Chunk 227/238
2026-08-09 19:58:48,497 | INFO | Embedding Chunk 228/238
2026-08-09 19:58:48,597 | INFO | Embedding Chunk 229/238
2026-08-09 19:58:48,690 | INFO | Embedding Chunk 230/238
2026-08-09 19:58:48,777 | INFO | Embedding Chunk 231/238
2026-08-09 19:58:48,866 | INFO | Embedding Chunk 232/238
2026-08-09 19:58:48,963 | INFO | Embedding Chunk 233/238
2026-08-09 19:58:49,053 | INFO | Embedding Chunk 234/238
2026-08-09 19:58:49,146 | INFO | Embedding Chunk 235/238
2026-08-09 19:58:49,238 | INFO | Embedding Chunk 236/238
2026-08-09 19:58:49,328 | INFO | Embedding Chunk 237/238
2026-08-09 19:58:49,422 | INFO | Embedding Chunk 238/238
2026-08-09 19:58:50,471 | INFO | Saved embeddings -> C:\Users\Manav\OneDrive\Desktop\FraudTranactionDetection\RAG_Systems\Retriever_3_docs_on_guidelines\embeddings\RBI\RBI_Commercial_Banks_Fraud_Risk_Management_Directions_2026.json
2026-08-09 19:58:50,475 | INFO | Embedding RBI_Digital_Payments_E-mandate_2026.json
2026-08-09 19:58:50,498 | INFO | Embedding Chunk 1/56
2026-08-09 19:58:50,612 | INFO | Embedding Chunk 2/56
2026-08-09 19:58:50,738 | INFO | Embedding Chunk 3/56
2026-08-09 19:58:50,844 | INFO | Embedding Chunk 4/56
2026-08-09 19:58:50,946 | INFO | Embedding Chunk 5/56
2026-08-09 19:58:51,029 | INFO | Embedding Chunk 6/56
2026-08-09 19:58:51,128 | INFO | Embedding Chunk 7/56
2026-08-09 19:58:51,221 | INFO | Embedding Chunk 8/56
2026-08-09 19:58:51,314 | INFO | Embedding Chunk 9/56
2026-08-09 19:58:51,396 | INFO | Embedding Chunk 10/56
2026-08-09 19:58:51,479 | INFO | Embedding Chunk 11/56
2026-08-09 19:58:51,564 | INFO | Embedding Chunk 12/56
2026-08-09 19:58:51,672 | INFO | Embedding Chunk 13/56
2026-08-09 19:58:51,764 | INFO | Embedding Chunk 14/56
2026-08-09 19:58:51,862 | INFO | Embedding Chunk 15/56
2026-08-09 19:58:51,951 | INFO | Embedding Chunk 16/56
2026-08-09 19:58:52,046 | INFO | Embedding Chunk 17/56
2026-08-09 19:58:52,137 | INFO | Embedding Chunk 18/56
2026-08-09 19:58:52,226 | INFO | Embedding Chunk 19/56
2026-08-09 19:58:52,313 | INFO | Embedding Chunk 20/56
2026-08-09 19:58:52,405 | INFO | Embedding Chunk 21/56
2026-08-09 19:58:52,493 | INFO | Embedding Chunk 22/56
2026-08-09 19:58:52,583 | INFO | Embedding Chunk 23/56
2026-08-09 19:58:52,677 | INFO | Embedding Chunk 24/56
2026-08-09 19:58:52,767 | INFO | Embedding Chunk 25/56
2026-08-09 19:58:52,861 | INFO | Embedding Chunk 26/56
2026-08-09 19:58:52,955 | INFO | Embedding Chunk 27/56
2026-08-09 19:58:53,044 | INFO | Embedding Chunk 28/56
2026-08-09 19:58:53,131 | INFO | Embedding Chunk 29/56
2026-08-09 19:58:53,223 | INFO | Embedding Chunk 30/56
2026-08-09 19:58:53,309 | INFO | Embedding Chunk 31/56
2026-08-09 19:58:53,401 | INFO | Embedding Chunk 32/56
2026-08-09 19:58:53,491 | INFO | Embedding Chunk 33/56
2026-08-09 19:58:53,585 | INFO | Embedding Chunk 34/56
2026-08-09 19:58:53,678 | INFO | Embedding Chunk 35/56
2026-08-09 19:58:53,771 | INFO | Embedding Chunk 36/56
2026-08-09 19:58:53,863 | INFO | Embedding Chunk 37/56
2026-08-09 19:58:53,960 | INFO | Embedding Chunk 38/56
2026-08-09 19:58:54,055 | INFO | Embedding Chunk 39/56
2026-08-09 19:58:54,147 | INFO | Embedding Chunk 40/56
2026-08-09 19:58:54,240 | INFO | Embedding Chunk 41/56
2026-08-09 19:58:54,333 | INFO | Embedding Chunk 42/56
2026-08-09 19:58:54,422 | INFO | Embedding Chunk 43/56
2026-08-09 19:58:54,513 | INFO | Embedding Chunk 44/56
2026-08-09 19:58:54,597 | INFO | Embedding Chunk 45/56
2026-08-09 19:58:54,723 | INFO | Embedding Chunk 46/56
2026-08-09 19:58:54,819 | INFO | Embedding Chunk 47/56
2026-08-09 19:58:54,912 | INFO | Embedding Chunk 48/56
2026-08-09 19:58:55,008 | INFO | Embedding Chunk 49/56
2026-08-09 19:58:55,107 | INFO | Embedding Chunk 50/56
2026-08-09 19:58:55,196 | INFO | Embedding Chunk 51/56
2026-08-09 19:58:55,290 | INFO | Embedding Chunk 52/56
2026-08-09 19:58:55,413 | INFO | Embedding Chunk 53/56
2026-08-09 19:58:55,507 | INFO | Embedding Chunk 54/56
2026-08-09 19:58:55,596 | INFO | Embedding Chunk 55/56
2026-08-09 19:58:55,691 | INFO | Embedding Chunk 56/56
2026-08-09 19:58:56,011 | INFO | Saved embeddings -> C:\Users\Manav\OneDrive\Desktop\FraudTranactionDetection\RAG_Systems\Retriever_3_docs_on_guidelines\embeddings\RBI\RBI_Digital_Payments_E-mandate_2026.json
2026-08-09 19:58:56,013 | INFO | Embedding RBI_Local_Area_Banks_Fraud_Risk_Management_Directions_2026.json
2026-08-09 19:58:56,039 | INFO | Embedding Chunk 1/229
2026-08-09 19:58:56,131 | INFO | Embedding Chunk 2/229
2026-08-09 19:58:56,261 | INFO | Embedding Chunk 3/229
2026-08-09 19:58:56,370 | INFO | Embedding Chunk 4/229
2026-08-09 19:58:56,479 | INFO | Embedding Chunk 5/229
2026-08-09 19:58:56,575 | INFO | Embedding Chunk 6/229
2026-08-09 19:58:56,669 | INFO | Embedding Chunk 7/229
2026-08-09 19:58:56,764 | INFO | Embedding Chunk 8/229
2026-08-09 19:58:56,852 | INFO | Embedding Chunk 9/229
2026-08-09 19:58:56,942 | INFO | Embedding Chunk 10/229
2026-08-09 19:58:57,033 | INFO | Embedding Chunk 11/229
2026-08-09 19:58:57,123 | INFO | Embedding Chunk 12/229
2026-08-09 19:58:57,235 | INFO | Embedding Chunk 13/229
2026-08-09 19:58:57,328 | INFO | Embedding Chunk 14/229
2026-08-09 19:58:57,423 | INFO | Embedding Chunk 15/229
2026-08-09 19:58:57,510 | INFO | Embedding Chunk 16/229
2026-08-09 19:58:57,605 | INFO | Embedding Chunk 17/229
2026-08-09 19:58:57,696 | INFO | Embedding Chunk 18/229
2026-08-09 19:58:57,786 | INFO | Embedding Chunk 19/229
2026-08-09 19:58:57,882 | INFO | Embedding Chunk 20/229
2026-08-09 19:58:57,972 | INFO | Embedding Chunk 21/229
2026-08-09 19:58:58,061 | INFO | Embedding Chunk 22/229
2026-08-09 19:58:58,153 | INFO | Embedding Chunk 23/229
2026-08-09 19:58:58,242 | INFO | Embedding Chunk 24/229
2026-08-09 19:58:58,331 | INFO | Embedding Chunk 25/229
2026-08-09 19:58:58,422 | INFO | Embedding Chunk 26/229
2026-08-09 19:58:58,513 | INFO | Embedding Chunk 27/229
2026-08-09 19:58:58,602 | INFO | Embedding Chunk 28/229
2026-08-09 19:58:58,695 | INFO | Embedding Chunk 29/229
2026-08-09 19:58:58,785 | INFO | Embedding Chunk 30/229
2026-08-09 19:58:58,874 | INFO | Embedding Chunk 31/229
2026-08-09 19:58:58,965 | INFO | Embedding Chunk 32/229
2026-08-09 19:58:59,054 | INFO | Embedding Chunk 33/229
2026-08-09 19:58:59,144 | INFO | Embedding Chunk 34/229
2026-08-09 19:58:59,234 | INFO | Embedding Chunk 35/229
2026-08-09 19:58:59,325 | INFO | Embedding Chunk 36/229
2026-08-09 19:58:59,412 | INFO | Embedding Chunk 37/229
2026-08-09 19:58:59,503 | INFO | Embedding Chunk 38/229
2026-08-09 19:58:59,600 | INFO | Embedding Chunk 39/229
2026-08-09 19:58:59,693 | INFO | Embedding Chunk 40/229
2026-08-09 19:58:59,919 | INFO | Embedding Chunk 41/229
2026-08-09 19:59:00,039 | INFO | Embedding Chunk 42/229
2026-08-09 19:59:00,160 | INFO | Embedding Chunk 43/229
2026-08-09 19:59:00,281 | INFO | Embedding Chunk 44/229
2026-08-09 19:59:00,398 | INFO | Embedding Chunk 45/229
2026-08-09 19:59:00,515 | INFO | Embedding Chunk 46/229
2026-08-09 19:59:00,631 | INFO | Embedding Chunk 47/229
2026-08-09 19:59:00,747 | INFO | Embedding Chunk 48/229
2026-08-09 19:59:00,864 | INFO | Embedding Chunk 49/229
2026-08-09 19:59:00,982 | INFO | Embedding Chunk 50/229
2026-08-09 19:59:01,097 | INFO | Embedding Chunk 51/229
2026-08-09 19:59:01,219 | INFO | Embedding Chunk 52/229
2026-08-09 19:59:01,335 | INFO | Embedding Chunk 53/229
2026-08-09 19:59:01,455 | INFO | Embedding Chunk 54/229
2026-08-09 19:59:01,607 | INFO | Embedding Chunk 55/229
2026-08-09 19:59:01,776 | INFO | Embedding Chunk 56/229
2026-08-09 19:59:01,899 | INFO | Embedding Chunk 57/229
2026-08-09 19:59:02,028 | INFO | Embedding Chunk 58/229
2026-08-09 19:59:02,176 | INFO | Embedding Chunk 59/229
2026-08-09 19:59:02,298 | INFO | Embedding Chunk 60/229
2026-08-09 19:59:02,420 | INFO | Embedding Chunk 61/229
2026-08-09 19:59:02,583 | INFO | Embedding Chunk 62/229
2026-08-09 19:59:02,699 | INFO | Embedding Chunk 63/229
2026-08-09 19:59:02,816 | INFO | Embedding Chunk 64/229
2026-08-09 19:59:02,936 | INFO | Embedding Chunk 65/229
2026-08-09 19:59:03,055 | INFO | Embedding Chunk 66/229
2026-08-09 19:59:03,174 | INFO | Embedding Chunk 67/229
2026-08-09 19:59:03,296 | INFO | Embedding Chunk 68/229
2026-08-09 19:59:03,489 | INFO | Embedding Chunk 69/229
2026-08-09 19:59:03,607 | INFO | Embedding Chunk 70/229
2026-08-09 19:59:03,758 | INFO | Embedding Chunk 71/229
2026-08-09 19:59:03,944 | INFO | Embedding Chunk 72/229
2026-08-09 19:59:04,231 | INFO | Embedding Chunk 73/229
2026-08-09 19:59:04,437 | INFO | Embedding Chunk 74/229
2026-08-09 19:59:04,619 | INFO | Embedding Chunk 75/229
2026-08-09 19:59:04,766 | INFO | Embedding Chunk 76/229
2026-08-09 19:59:04,942 | INFO | Embedding Chunk 77/229
2026-08-09 19:59:05,126 | INFO | Embedding Chunk 78/229
2026-08-09 19:59:05,276 | INFO | Embedding Chunk 79/229
2026-08-09 19:59:05,432 | INFO | Embedding Chunk 80/229
2026-08-09 19:59:05,577 | INFO | Embedding Chunk 81/229
2026-08-09 19:59:05,727 | INFO | Embedding Chunk 82/229
2026-08-09 19:59:05,846 | INFO | Embedding Chunk 83/229
2026-08-09 19:59:05,962 | INFO | Embedding Chunk 84/229
2026-08-09 19:59:06,090 | INFO | Embedding Chunk 85/229
2026-08-09 19:59:06,212 | INFO | Embedding Chunk 86/229
2026-08-09 19:59:06,340 | INFO | Embedding Chunk 87/229
2026-08-09 19:59:06,462 | INFO | Embedding Chunk 88/229
2026-08-09 19:59:06,632 | INFO | Embedding Chunk 89/229
2026-08-09 19:59:06,755 | INFO | Embedding Chunk 90/229
2026-08-09 19:59:06,874 | INFO | Embedding Chunk 91/229
2026-08-09 19:59:06,996 | INFO | Embedding Chunk 92/229
2026-08-09 19:59:07,118 | INFO | Embedding Chunk 93/229
2026-08-09 19:59:07,264 | INFO | Embedding Chunk 94/229
2026-08-09 19:59:07,457 | INFO | Embedding Chunk 95/229
2026-08-09 19:59:07,606 | INFO | Embedding Chunk 96/229
2026-08-09 19:59:07,769 | INFO | Embedding Chunk 97/229
2026-08-09 19:59:07,948 | INFO | Embedding Chunk 98/229
2026-08-09 19:59:08,169 | INFO | Embedding Chunk 99/229
2026-08-09 19:59:08,466 | INFO | Embedding Chunk 100/229
2026-08-09 19:59:08,730 | INFO | Embedding Chunk 101/229
2026-08-09 19:59:08,940 | INFO | Embedding Chunk 102/229
2026-08-09 19:59:09,116 | INFO | Embedding Chunk 103/229
2026-08-09 19:59:09,263 | INFO | Embedding Chunk 104/229
2026-08-09 19:59:09,412 | INFO | Embedding Chunk 105/229
2026-08-09 19:59:09,559 | INFO | Embedding Chunk 106/229
2026-08-09 19:59:09,720 | INFO | Embedding Chunk 107/229
2026-08-09 19:59:09,837 | INFO | Embedding Chunk 108/229
2026-08-09 19:59:09,959 | INFO | Embedding Chunk 109/229
2026-08-09 19:59:10,081 | INFO | Embedding Chunk 110/229
2026-08-09 19:59:10,201 | INFO | Embedding Chunk 111/229
2026-08-09 19:59:10,323 | INFO | Embedding Chunk 112/229
2026-08-09 19:59:10,435 | INFO | Embedding Chunk 113/229
2026-08-09 19:59:10,552 | INFO | Embedding Chunk 114/229
2026-08-09 19:59:10,680 | INFO | Embedding Chunk 115/229
2026-08-09 19:59:10,802 | INFO | Embedding Chunk 116/229
2026-08-09 19:59:10,920 | INFO | Embedding Chunk 117/229
2026-08-09 19:59:11,079 | INFO | Embedding Chunk 118/229
2026-08-09 19:59:11,199 | INFO | Embedding Chunk 119/229
2026-08-09 19:59:11,317 | INFO | Embedding Chunk 120/229
2026-08-09 19:59:11,432 | INFO | Embedding Chunk 121/229
2026-08-09 19:59:11,550 | INFO | Embedding Chunk 122/229
2026-08-09 19:59:11,669 | INFO | Embedding Chunk 123/229
2026-08-09 19:59:11,869 | INFO | Embedding Chunk 124/229
2026-08-09 19:59:12,071 | INFO | Embedding Chunk 125/229
2026-08-09 19:59:12,320 | INFO | Embedding Chunk 126/229
2026-08-09 19:59:12,604 | INFO | Embedding Chunk 127/229
2026-08-09 19:59:12,815 | INFO | Embedding Chunk 128/229
2026-08-09 19:59:13,028 | INFO | Embedding Chunk 129/229
2026-08-09 19:59:13,188 | INFO | Embedding Chunk 130/229
2026-08-09 19:59:13,408 | INFO | Embedding Chunk 131/229
2026-08-09 19:59:13,585 | INFO | Embedding Chunk 132/229
2026-08-09 19:59:13,734 | INFO | Embedding Chunk 133/229
2026-08-09 19:59:13,890 | INFO | Embedding Chunk 134/229
2026-08-09 19:59:14,221 | INFO | Embedding Chunk 135/229
2026-08-09 19:59:14,408 | INFO | Embedding Chunk 136/229
2026-08-09 19:59:14,558 | INFO | Embedding Chunk 137/229
2026-08-09 19:59:14,710 | INFO | Embedding Chunk 138/229
2026-08-09 19:59:14,872 | INFO | Embedding Chunk 139/229
2026-08-09 19:59:15,072 | INFO | Embedding Chunk 140/229
2026-08-09 19:59:15,257 | INFO | Embedding Chunk 141/229
2026-08-09 19:59:15,501 | INFO | Embedding Chunk 142/229
2026-08-09 19:59:15,681 | INFO | Embedding Chunk 143/229
2026-08-09 19:59:15,857 | INFO | Embedding Chunk 144/229
2026-08-09 19:59:16,011 | INFO | Embedding Chunk 145/229
2026-08-09 19:59:16,236 | INFO | Embedding Chunk 146/229
2026-08-09 19:59:16,381 | INFO | Embedding Chunk 147/229
2026-08-09 19:59:16,525 | INFO | Embedding Chunk 148/229
2026-08-09 19:59:16,645 | INFO | Embedding Chunk 149/229
2026-08-09 19:59:16,769 | INFO | Embedding Chunk 150/229
2026-08-09 19:59:16,889 | INFO | Embedding Chunk 151/229
2026-08-09 19:59:17,011 | INFO | Embedding Chunk 152/229
2026-08-09 19:59:17,136 | INFO | Embedding Chunk 153/229
2026-08-09 19:59:17,255 | INFO | Embedding Chunk 154/229
2026-08-09 19:59:17,376 | INFO | Embedding Chunk 155/229
2026-08-09 19:59:17,496 | INFO | Embedding Chunk 156/229
2026-08-09 19:59:17,621 | INFO | Embedding Chunk 157/229
2026-08-09 19:59:17,740 | INFO | Embedding Chunk 158/229
2026-08-09 19:59:17,869 | INFO | Embedding Chunk 159/229
2026-08-09 19:59:17,988 | INFO | Embedding Chunk 160/229
2026-08-09 19:59:18,105 | INFO | Embedding Chunk 161/229
2026-08-09 19:59:18,222 | INFO | Embedding Chunk 162/229
2026-08-09 19:59:18,338 | INFO | Embedding Chunk 163/229
2026-08-09 19:59:18,455 | INFO | Embedding Chunk 164/229
2026-08-09 19:59:18,575 | INFO | Embedding Chunk 165/229
2026-08-09 19:59:18,766 | INFO | Embedding Chunk 166/229
2026-08-09 19:59:18,890 | INFO | Embedding Chunk 167/229
2026-08-09 19:59:19,346 | INFO | Embedding Chunk 168/229
2026-08-09 19:59:19,511 | INFO | Embedding Chunk 169/229
2026-08-09 19:59:19,630 | INFO | Embedding Chunk 170/229
2026-08-09 19:59:19,757 | INFO | Embedding Chunk 171/229
2026-08-09 19:59:19,907 | INFO | Embedding Chunk 172/229
2026-08-09 19:59:20,062 | INFO | Embedding Chunk 173/229
2026-08-09 19:59:20,228 | INFO | Embedding Chunk 174/229
2026-08-09 19:59:20,387 | INFO | Embedding Chunk 175/229
2026-08-09 19:59:20,538 | INFO | Embedding Chunk 176/229
2026-08-09 19:59:20,690 | INFO | Embedding Chunk 177/229
2026-08-09 19:59:20,837 | INFO | Embedding Chunk 178/229
2026-08-09 19:59:20,956 | INFO | Embedding Chunk 179/229
2026-08-09 19:59:21,071 | INFO | Embedding Chunk 180/229
2026-08-09 19:59:21,187 | INFO | Embedding Chunk 181/229
2026-08-09 19:59:21,308 | INFO | Embedding Chunk 182/229
2026-08-09 19:59:21,427 | INFO | Embedding Chunk 183/229
2026-08-09 19:59:21,548 | INFO | Embedding Chunk 184/229
2026-08-09 19:59:21,663 | INFO | Embedding Chunk 185/229
2026-08-09 19:59:21,819 | INFO | Embedding Chunk 186/229
2026-08-09 19:59:22,073 | INFO | Embedding Chunk 187/229
2026-08-09 19:59:22,220 | INFO | Embedding Chunk 188/229
2026-08-09 19:59:22,370 | INFO | Embedding Chunk 189/229
2026-08-09 19:59:22,521 | INFO | Embedding Chunk 190/229
2026-08-09 19:59:22,685 | INFO | Embedding Chunk 191/229
2026-08-09 19:59:22,848 | INFO | Embedding Chunk 192/229
2026-08-09 19:59:22,974 | INFO | Embedding Chunk 193/229
2026-08-09 19:59:23,097 | INFO | Embedding Chunk 194/229
2026-08-09 19:59:23,219 | INFO | Embedding Chunk 195/229
2026-08-09 19:59:23,348 | INFO | Embedding Chunk 196/229
2026-08-09 19:59:23,477 | INFO | Embedding Chunk 197/229
2026-08-09 19:59:23,596 | INFO | Embedding Chunk 198/229
2026-08-09 19:59:23,720 | INFO | Embedding Chunk 199/229
2026-08-09 19:59:23,842 | INFO | Embedding Chunk 200/229
2026-08-09 19:59:23,966 | INFO | Embedding Chunk 201/229
2026-08-09 19:59:24,141 | INFO | Embedding Chunk 202/229
2026-08-09 19:59:24,334 | INFO | Embedding Chunk 203/229
2026-08-09 19:59:24,483 | INFO | Embedding Chunk 204/229
2026-08-09 19:59:24,673 | INFO | Embedding Chunk 205/229
2026-08-09 19:59:24,847 | INFO | Embedding Chunk 206/229
2026-08-09 19:59:25,046 | INFO | Embedding Chunk 207/229
2026-08-09 19:59:25,232 | INFO | Embedding Chunk 208/229
2026-08-09 19:59:25,411 | INFO | Embedding Chunk 209/229
2026-08-09 19:59:25,558 | INFO | Embedding Chunk 210/229
2026-08-09 19:59:25,711 | INFO | Embedding Chunk 211/229
2026-08-09 19:59:25,866 | INFO | Embedding Chunk 212/229
2026-08-09 19:59:26,043 | INFO | Embedding Chunk 213/229
2026-08-09 19:59:26,171 | INFO | Embedding Chunk 214/229
2026-08-09 19:59:26,297 | INFO | Embedding Chunk 215/229
2026-08-09 19:59:26,413 | INFO | Embedding Chunk 216/229
2026-08-09 19:59:26,551 | INFO | Embedding Chunk 217/229
2026-08-09 19:59:26,679 | INFO | Embedding Chunk 218/229
2026-08-09 19:59:26,802 | INFO | Embedding Chunk 219/229
2026-08-09 19:59:26,945 | INFO | Embedding Chunk 220/229
2026-08-09 19:59:27,086 | INFO | Embedding Chunk 221/229
2026-08-09 19:59:27,221 | INFO | Embedding Chunk 222/229
2026-08-09 19:59:27,344 | INFO | Embedding Chunk 223/229
2026-08-09 19:59:27,464 | INFO | Embedding Chunk 224/229
2026-08-09 19:59:27,581 | INFO | Embedding Chunk 225/229
2026-08-09 19:59:27,994 | INFO | Embedding Chunk 226/229
2026-08-09 19:59:28,113 | INFO | Embedding Chunk 227/229
2026-08-09 19:59:28,237 | INFO | Embedding Chunk 228/229
2026-08-09 19:59:28,358 | INFO | Embedding Chunk 229/229
2026-08-09 19:59:29,401 | INFO | Saved embeddings -> C:\Users\Manav\OneDrive\Desktop\FraudTranactionDetection\RAG_Systems\Retriever_3_docs_on_guidelines\embeddings\RBI\RBI_Local_Area_Banks_Fraud_Risk_Management_Directions_2026.json
2026-08-09 19:59:29,404 | INFO | Embedding RBI_Payments Banks_Fraud_Risk_Management_Directions_2026.json
2026-08-09 19:59:29,426 | INFO | Embedding Chunk 1/179
2026-08-09 19:59:29,557 | INFO | Embedding Chunk 2/179
2026-08-09 19:59:29,683 | INFO | Embedding Chunk 3/179
2026-08-09 19:59:29,846 | INFO | Embedding Chunk 4/179
2026-08-09 19:59:30,032 | INFO | Embedding Chunk 5/179
2026-08-09 19:59:30,212 | INFO | Embedding Chunk 6/179
2026-08-09 19:59:30,417 | INFO | Embedding Chunk 7/179
2026-08-09 19:59:30,628 | INFO | Embedding Chunk 8/179
2026-08-09 19:59:30,811 | INFO | Embedding Chunk 9/179
2026-08-09 19:59:31,015 | INFO | Embedding Chunk 10/179
2026-08-09 19:59:31,167 | INFO | Embedding Chunk 11/179
2026-08-09 19:59:31,312 | INFO | Embedding Chunk 12/179
2026-08-09 19:59:31,457 | INFO | Embedding Chunk 13/179
2026-08-09 19:59:31,611 | INFO | Embedding Chunk 14/179
2026-08-09 19:59:31,734 | INFO | Embedding Chunk 15/179
2026-08-09 19:59:31,855 | INFO | Embedding Chunk 16/179
2026-08-09 19:59:31,972 | INFO | Embedding Chunk 17/179
2026-08-09 19:59:32,090 | INFO | Embedding Chunk 18/179
2026-08-09 19:59:32,211 | INFO | Embedding Chunk 19/179
2026-08-09 19:59:32,329 | INFO | Embedding Chunk 20/179
2026-08-09 19:59:32,450 | INFO | Embedding Chunk 21/179
2026-08-09 19:59:32,567 | INFO | Embedding Chunk 22/179
2026-08-09 19:59:32,684 | INFO | Embedding Chunk 23/179
2026-08-09 19:59:32,805 | INFO | Embedding Chunk 24/179
2026-08-09 19:59:33,012 | INFO | Embedding Chunk 25/179
2026-08-09 19:59:33,124 | INFO | Embedding Chunk 26/179
2026-08-09 19:59:33,249 | INFO | Embedding Chunk 27/179
2026-08-09 19:59:33,364 | INFO | Embedding Chunk 28/179
2026-08-09 19:59:33,480 | INFO | Embedding Chunk 29/179
2026-08-09 19:59:33,597 | INFO | Embedding Chunk 30/179
2026-08-09 19:59:33,725 | INFO | Embedding Chunk 31/179
2026-08-09 19:59:33,842 | INFO | Embedding Chunk 32/179
2026-08-09 19:59:33,957 | INFO | Embedding Chunk 33/179
2026-08-09 19:59:34,080 | INFO | Embedding Chunk 34/179
2026-08-09 19:59:34,197 | INFO | Embedding Chunk 35/179
2026-08-09 19:59:34,322 | INFO | Embedding Chunk 36/179
2026-08-09 19:59:34,430 | INFO | Embedding Chunk 37/179
2026-08-09 19:59:34,557 | INFO | Embedding Chunk 38/179
2026-08-09 19:59:34,679 | INFO | Embedding Chunk 39/179
2026-08-09 19:59:34,800 | INFO | Embedding Chunk 40/179
2026-08-09 19:59:34,920 | INFO | Embedding Chunk 41/179
2026-08-09 19:59:35,049 | INFO | Embedding Chunk 42/179
2026-08-09 19:59:35,166 | INFO | Embedding Chunk 43/179
2026-08-09 19:59:35,283 | INFO | Embedding Chunk 44/179
2026-08-09 19:59:35,396 | INFO | Embedding Chunk 45/179
2026-08-09 19:59:35,515 | INFO | Embedding Chunk 46/179
2026-08-09 19:59:35,607 | INFO | Embedding Chunk 47/179
2026-08-09 19:59:35,698 | INFO | Embedding Chunk 48/179
2026-08-09 19:59:35,793 | INFO | Embedding Chunk 49/179
2026-08-09 19:59:35,892 | INFO | Embedding Chunk 50/179
2026-08-09 19:59:35,985 | INFO | Embedding Chunk 51/179
2026-08-09 19:59:36,079 | INFO | Embedding Chunk 52/179
2026-08-09 19:59:36,170 | INFO | Embedding Chunk 53/179
2026-08-09 19:59:36,263 | INFO | Embedding Chunk 54/179
2026-08-09 19:59:36,351 | INFO | Embedding Chunk 55/179
2026-08-09 19:59:36,443 | INFO | Embedding Chunk 56/179
2026-08-09 19:59:36,535 | INFO | Embedding Chunk 57/179
2026-08-09 19:59:36,624 | INFO | Embedding Chunk 58/179
2026-08-09 19:59:36,715 | INFO | Embedding Chunk 59/179
2026-08-09 19:59:36,809 | INFO | Embedding Chunk 60/179
2026-08-09 19:59:36,902 | INFO | Embedding Chunk 61/179
2026-08-09 19:59:36,994 | INFO | Embedding Chunk 62/179
2026-08-09 19:59:37,086 | INFO | Embedding Chunk 63/179
2026-08-09 19:59:37,177 | INFO | Embedding Chunk 64/179
2026-08-09 19:59:37,267 | INFO | Embedding Chunk 65/179
2026-08-09 19:59:37,358 | INFO | Embedding Chunk 66/179
2026-08-09 19:59:37,448 | INFO | Embedding Chunk 67/179
2026-08-09 19:59:37,545 | INFO | Embedding Chunk 68/179
2026-08-09 19:59:37,642 | INFO | Embedding Chunk 69/179
2026-08-09 19:59:37,737 | INFO | Embedding Chunk 70/179
2026-08-09 19:59:37,826 | INFO | Embedding Chunk 71/179
2026-08-09 19:59:37,950 | INFO | Embedding Chunk 72/179
2026-08-09 19:59:38,043 | INFO | Embedding Chunk 73/179
2026-08-09 19:59:38,135 | INFO | Embedding Chunk 74/179
2026-08-09 19:59:38,232 | INFO | Embedding Chunk 75/179
2026-08-09 19:59:38,334 | INFO | Embedding Chunk 76/179
2026-08-09 19:59:38,423 | INFO | Embedding Chunk 77/179
2026-08-09 19:59:38,511 | INFO | Embedding Chunk 78/179
2026-08-09 19:59:38,598 | INFO | Embedding Chunk 79/179
2026-08-09 19:59:38,691 | INFO | Embedding Chunk 80/179
2026-08-09 19:59:38,779 | INFO | Embedding Chunk 81/179
2026-08-09 19:59:38,865 | INFO | Embedding Chunk 82/179
2026-08-09 19:59:38,960 | INFO | Embedding Chunk 83/179
2026-08-09 19:59:39,048 | INFO | Embedding Chunk 84/179
2026-08-09 19:59:39,153 | INFO | Embedding Chunk 85/179
2026-08-09 19:59:39,242 | INFO | Embedding Chunk 86/179
2026-08-09 19:59:39,333 | INFO | Embedding Chunk 87/179
2026-08-09 19:59:39,415 | INFO | Embedding Chunk 88/179
2026-08-09 19:59:39,515 | INFO | Embedding Chunk 89/179
2026-08-09 19:59:39,598 | INFO | Embedding Chunk 90/179
2026-08-09 19:59:39,697 | INFO | Embedding Chunk 91/179
2026-08-09 19:59:39,834 | INFO | Embedding Chunk 92/179
2026-08-09 19:59:39,993 | INFO | Embedding Chunk 93/179
2026-08-09 19:59:40,107 | INFO | Embedding Chunk 94/179
2026-08-09 19:59:40,232 | INFO | Embedding Chunk 95/179
2026-08-09 19:59:40,379 | INFO | Embedding Chunk 96/179
2026-08-09 19:59:40,498 | INFO | Embedding Chunk 97/179
2026-08-09 19:59:40,622 | INFO | Embedding Chunk 98/179
2026-08-09 19:59:40,739 | INFO | Embedding Chunk 99/179
2026-08-09 19:59:40,858 | INFO | Embedding Chunk 100/179
2026-08-09 19:59:41,042 | INFO | Embedding Chunk 101/179
2026-08-09 19:59:41,199 | INFO | Embedding Chunk 102/179
2026-08-09 19:59:41,345 | INFO | Embedding Chunk 103/179
2026-08-09 19:59:41,491 | INFO | Embedding Chunk 104/179
2026-08-09 19:59:41,638 | INFO | Embedding Chunk 105/179
2026-08-09 19:59:41,787 | INFO | Embedding Chunk 106/179
2026-08-09 19:59:41,904 | INFO | Embedding Chunk 107/179
2026-08-09 19:59:42,023 | INFO | Embedding Chunk 108/179
2026-08-09 19:59:42,141 | INFO | Embedding Chunk 109/179
2026-08-09 19:59:42,288 | INFO | Embedding Chunk 110/179
2026-08-09 19:59:42,401 | INFO | Embedding Chunk 111/179
2026-08-09 19:59:42,517 | INFO | Embedding Chunk 112/179
2026-08-09 19:59:42,635 | INFO | Embedding Chunk 113/179
2026-08-09 19:59:42,746 | INFO | Embedding Chunk 114/179
2026-08-09 19:59:42,865 | INFO | Embedding Chunk 115/179
2026-08-09 19:59:42,981 | INFO | Embedding Chunk 116/179
2026-08-09 19:59:43,107 | INFO | Embedding Chunk 117/179
2026-08-09 19:59:43,231 | INFO | Embedding Chunk 118/179
2026-08-09 19:59:43,348 | INFO | Embedding Chunk 119/179
2026-08-09 19:59:43,464 | INFO | Embedding Chunk 120/179
2026-08-09 19:59:43,597 | INFO | Embedding Chunk 121/179
2026-08-09 19:59:43,719 | INFO | Embedding Chunk 122/179
2026-08-09 19:59:43,845 | INFO | Embedding Chunk 123/179
2026-08-09 19:59:43,957 | INFO | Embedding Chunk 124/179
2026-08-09 19:59:44,064 | INFO | Embedding Chunk 125/179
2026-08-09 19:59:44,190 | INFO | Embedding Chunk 126/179
2026-08-09 19:59:44,305 | INFO | Embedding Chunk 127/179
2026-08-09 19:59:44,396 | INFO | Embedding Chunk 128/179
2026-08-09 19:59:44,482 | INFO | Embedding Chunk 129/179
2026-08-09 19:59:44,596 | INFO | Embedding Chunk 130/179
2026-08-09 19:59:44,689 | INFO | Embedding Chunk 131/179
2026-08-09 19:59:44,779 | INFO | Embedding Chunk 132/179
2026-08-09 19:59:44,868 | INFO | Embedding Chunk 133/179
2026-08-09 19:59:44,957 | INFO | Embedding Chunk 134/179
2026-08-09 19:59:45,046 | INFO | Embedding Chunk 135/179
2026-08-09 19:59:45,135 | INFO | Embedding Chunk 136/179
2026-08-09 19:59:45,228 | INFO | Embedding Chunk 137/179
2026-08-09 19:59:45,467 | INFO | Embedding Chunk 138/179
2026-08-09 19:59:45,589 | INFO | Embedding Chunk 139/179
2026-08-09 19:59:45,721 | INFO | Embedding Chunk 140/179
2026-08-09 19:59:45,844 | INFO | Embedding Chunk 141/179
2026-08-09 19:59:45,964 | INFO | Embedding Chunk 142/179
2026-08-09 19:59:46,087 | INFO | Embedding Chunk 143/179
2026-08-09 19:59:46,207 | INFO | Embedding Chunk 144/179
2026-08-09 19:59:46,326 | INFO | Embedding Chunk 145/179
2026-08-09 19:59:46,449 | INFO | Embedding Chunk 146/179
2026-08-09 19:59:46,602 | INFO | Embedding Chunk 147/179
2026-08-09 19:59:46,731 | INFO | Embedding Chunk 148/179
2026-08-09 19:59:46,862 | INFO | Embedding Chunk 149/179
2026-08-09 19:59:46,983 | INFO | Embedding Chunk 150/179
2026-08-09 19:59:47,102 | INFO | Embedding Chunk 151/179
2026-08-09 19:59:47,222 | INFO | Embedding Chunk 152/179
2026-08-09 19:59:47,339 | INFO | Embedding Chunk 153/179
2026-08-09 19:59:47,440 | INFO | Embedding Chunk 154/179
2026-08-09 19:59:47,672 | INFO | Embedding Chunk 155/179
2026-08-09 19:59:47,807 | INFO | Embedding Chunk 156/179
2026-08-09 19:59:47,931 | INFO | Embedding Chunk 157/179
2026-08-09 19:59:48,051 | INFO | Embedding Chunk 158/179
2026-08-09 19:59:48,167 | INFO | Embedding Chunk 159/179
2026-08-09 19:59:48,285 | INFO | Embedding Chunk 160/179
2026-08-09 19:59:48,409 | INFO | Embedding Chunk 161/179
2026-08-09 19:59:48,635 | INFO | Embedding Chunk 162/179
2026-08-09 19:59:48,790 | INFO | Embedding Chunk 163/179
2026-08-09 19:59:48,985 | INFO | Embedding Chunk 164/179
2026-08-09 19:59:49,163 | INFO | Embedding Chunk 165/179
2026-08-09 19:59:49,309 | INFO | Embedding Chunk 166/179
2026-08-09 19:59:49,457 | INFO | Embedding Chunk 167/179
2026-08-09 19:59:49,606 | INFO | Embedding Chunk 168/179
2026-08-09 19:59:49,750 | INFO | Embedding Chunk 169/179
2026-08-09 19:59:49,895 | INFO | Embedding Chunk 170/179
2026-08-09 19:59:50,017 | INFO | Embedding Chunk 171/179
2026-08-09 19:59:50,142 | INFO | Embedding Chunk 172/179
2026-08-09 19:59:50,269 | INFO | Embedding Chunk 173/179
2026-08-09 19:59:50,389 | INFO | Embedding Chunk 174/179
2026-08-09 19:59:50,513 | INFO | Embedding Chunk 175/179
2026-08-09 19:59:50,640 | INFO | Embedding Chunk 176/179
2026-08-09 19:59:50,764 | INFO | Embedding Chunk 177/179
2026-08-09 19:59:50,884 | INFO | Embedding Chunk 178/179
2026-08-09 19:59:51,007 | INFO | Embedding Chunk 179/179
2026-08-09 19:59:52,064 | INFO | Saved embeddings -> C:\Users\Manav\OneDrive\Desktop\FraudTranactionDetection\RAG_Systems\Retriever_3_docs_on_guidelines\embeddings\RBI\RBI_Payments Banks_Fraud_Risk_Management_Directions_2026.json
2026-08-09 19:59:52,067 | INFO | Embedding RBI_Small_Finance_Banks_Fraud_Risk_Management_Directions_2026.json
2026-08-09 19:59:52,100 | INFO | Embedding Chunk 1/228
2026-08-09 19:59:52,229 | INFO | Embedding Chunk 2/228
2026-08-09 19:59:52,363 | INFO | Embedding Chunk 3/228
2026-08-09 19:59:52,487 | INFO | Embedding Chunk 4/228
2026-08-09 19:59:52,607 | INFO | Embedding Chunk 5/228
2026-08-09 19:59:52,732 | INFO | Embedding Chunk 6/228
2026-08-09 19:59:52,858 | INFO | Embedding Chunk 7/228
2026-08-09 19:59:52,976 | INFO | Embedding Chunk 8/228
2026-08-09 19:59:53,082 | INFO | Embedding Chunk 9/228
2026-08-09 19:59:53,212 | INFO | Embedding Chunk 10/228
2026-08-09 19:59:53,330 | INFO | Embedding Chunk 11/228
2026-08-09 19:59:53,429 | INFO | Embedding Chunk 12/228
2026-08-09 19:59:53,519 | INFO | Embedding Chunk 13/228
2026-08-09 19:59:53,619 | INFO | Embedding Chunk 14/228
2026-08-09 19:59:53,718 | INFO | Embedding Chunk 15/228
2026-08-09 19:59:53,814 | INFO | Embedding Chunk 16/228
2026-08-09 19:59:53,905 | INFO | Embedding Chunk 17/228
2026-08-09 19:59:54,006 | INFO | Embedding Chunk 18/228
2026-08-09 19:59:54,095 | INFO | Embedding Chunk 19/228
2026-08-09 19:59:54,193 | INFO | Embedding Chunk 20/228
2026-08-09 19:59:54,286 | INFO | Embedding Chunk 21/228
2026-08-09 19:59:54,381 | INFO | Embedding Chunk 22/228
2026-08-09 19:59:54,516 | INFO | Embedding Chunk 23/228
2026-08-09 19:59:54,622 | INFO | Embedding Chunk 24/228
2026-08-09 19:59:54,723 | INFO | Embedding Chunk 25/228
2026-08-09 19:59:54,816 | INFO | Embedding Chunk 26/228
2026-08-09 19:59:54,910 | INFO | Embedding Chunk 27/228
2026-08-09 19:59:55,002 | INFO | Embedding Chunk 28/228
2026-08-09 19:59:55,095 | INFO | Embedding Chunk 29/228
2026-08-09 19:59:55,188 | INFO | Embedding Chunk 30/228
2026-08-09 19:59:55,283 | INFO | Embedding Chunk 31/228
2026-08-09 19:59:55,373 | INFO | Embedding Chunk 32/228
2026-08-09 19:59:55,463 | INFO | Embedding Chunk 33/228
2026-08-09 19:59:55,560 | INFO | Embedding Chunk 34/228
2026-08-09 19:59:55,654 | INFO | Embedding Chunk 35/228
2026-08-09 19:59:55,834 | INFO | Embedding Chunk 36/228
2026-08-09 19:59:55,953 | INFO | Embedding Chunk 37/228
2026-08-09 19:59:56,074 | INFO | Embedding Chunk 38/228
2026-08-09 19:59:56,194 | INFO | Embedding Chunk 39/228
2026-08-09 19:59:56,311 | INFO | Embedding Chunk 40/228
2026-08-09 19:59:56,432 | INFO | Embedding Chunk 41/228
2026-08-09 19:59:56,551 | INFO | Embedding Chunk 42/228
2026-08-09 19:59:56,667 | INFO | Embedding Chunk 43/228
2026-08-09 19:59:56,788 | INFO | Embedding Chunk 44/228
2026-08-09 19:59:56,915 | INFO | Embedding Chunk 45/228
2026-08-09 19:59:57,033 | INFO | Embedding Chunk 46/228
2026-08-09 19:59:57,152 | INFO | Embedding Chunk 47/228
2026-08-09 19:59:57,276 | INFO | Embedding Chunk 48/228
2026-08-09 19:59:57,401 | INFO | Embedding Chunk 49/228
2026-08-09 19:59:57,518 | INFO | Embedding Chunk 50/228
2026-08-09 19:59:57,642 | INFO | Embedding Chunk 51/228
2026-08-09 19:59:57,762 | INFO | Embedding Chunk 52/228
2026-08-09 19:59:57,898 | INFO | Embedding Chunk 53/228
2026-08-09 19:59:57,996 | INFO | Embedding Chunk 54/228
2026-08-09 19:59:58,110 | INFO | Embedding Chunk 55/228
2026-08-09 19:59:58,219 | INFO | Embedding Chunk 56/228
2026-08-09 19:59:58,316 | INFO | Embedding Chunk 57/228
2026-08-09 19:59:58,425 | INFO | Embedding Chunk 58/228
2026-08-09 19:59:58,524 | INFO | Embedding Chunk 59/228
2026-08-09 19:59:58,625 | INFO | Embedding Chunk 60/228
2026-08-09 19:59:58,733 | INFO | Embedding Chunk 61/228
2026-08-09 19:59:58,830 | INFO | Embedding Chunk 62/228
2026-08-09 19:59:58,934 | INFO | Embedding Chunk 63/228
2026-08-09 19:59:59,026 | INFO | Embedding Chunk 64/228
2026-08-09 19:59:59,116 | INFO | Embedding Chunk 65/228
2026-08-09 19:59:59,234 | INFO | Embedding Chunk 66/228
2026-08-09 19:59:59,349 | INFO | Embedding Chunk 67/228
2026-08-09 19:59:59,477 | INFO | Embedding Chunk 68/228
2026-08-09 19:59:59,572 | INFO | Embedding Chunk 69/228
2026-08-09 19:59:59,669 | INFO | Embedding Chunk 70/228
2026-08-09 19:59:59,843 | INFO | Embedding Chunk 71/228
2026-08-09 19:59:59,966 | INFO | Embedding Chunk 72/228
2026-08-09 20:00:00,089 | INFO | Embedding Chunk 73/228
2026-08-09 20:00:00,206 | INFO | Embedding Chunk 74/228
2026-08-09 20:00:00,332 | INFO | Embedding Chunk 75/228
2026-08-09 20:00:00,454 | INFO | Embedding Chunk 76/228
2026-08-09 20:00:00,572 | INFO | Embedding Chunk 77/228
2026-08-09 20:00:00,682 | INFO | Embedding Chunk 78/228
2026-08-09 20:00:00,797 | INFO | Embedding Chunk 79/228
2026-08-09 20:00:00,914 | INFO | Embedding Chunk 80/228
2026-08-09 20:00:01,073 | INFO | Embedding Chunk 81/228
2026-08-09 20:00:01,200 | INFO | Embedding Chunk 82/228
2026-08-09 20:00:01,312 | INFO | Embedding Chunk 83/228
2026-08-09 20:00:01,447 | INFO | Embedding Chunk 84/228
2026-08-09 20:00:01,566 | INFO | Embedding Chunk 85/228
2026-08-09 20:00:01,728 | INFO | Embedding Chunk 86/228
2026-08-09 20:00:01,849 | INFO | Embedding Chunk 87/228
2026-08-09 20:00:01,966 | INFO | Embedding Chunk 88/228
2026-08-09 20:00:02,091 | INFO | Embedding Chunk 89/228
2026-08-09 20:00:02,200 | INFO | Embedding Chunk 90/228
2026-08-09 20:00:02,317 | INFO | Embedding Chunk 91/228
2026-08-09 20:00:02,446 | INFO | Embedding Chunk 92/228
2026-08-09 20:00:02,568 | INFO | Embedding Chunk 93/228
2026-08-09 20:00:02,696 | INFO | Embedding Chunk 94/228
2026-08-09 20:00:02,833 | INFO | Embedding Chunk 95/228
2026-08-09 20:00:02,961 | INFO | Embedding Chunk 96/228
2026-08-09 20:00:03,074 | INFO | Embedding Chunk 97/228
2026-08-09 20:00:03,192 | INFO | Embedding Chunk 98/228
2026-08-09 20:00:03,315 | INFO | Embedding Chunk 99/228
2026-08-09 20:00:03,410 | INFO | Embedding Chunk 100/228
2026-08-09 20:00:03,505 | INFO | Embedding Chunk 101/228
2026-08-09 20:00:03,599 | INFO | Embedding Chunk 102/228
2026-08-09 20:00:03,691 | INFO | Embedding Chunk 103/228
2026-08-09 20:00:03,792 | INFO | Embedding Chunk 104/228
2026-08-09 20:00:03,888 | INFO | Embedding Chunk 105/228
2026-08-09 20:00:03,984 | INFO | Embedding Chunk 106/228
2026-08-09 20:00:04,080 | INFO | Embedding Chunk 107/228
2026-08-09 20:00:04,246 | INFO | Embedding Chunk 108/228
2026-08-09 20:00:04,372 | INFO | Embedding Chunk 109/228
2026-08-09 20:00:04,494 | INFO | Embedding Chunk 110/228
2026-08-09 20:00:04,618 | INFO | Embedding Chunk 111/228
2026-08-09 20:00:04,740 | INFO | Embedding Chunk 112/228
2026-08-09 20:00:04,856 | INFO | Embedding Chunk 113/228
2026-08-09 20:00:04,986 | INFO | Embedding Chunk 114/228
2026-08-09 20:00:05,107 | INFO | Embedding Chunk 115/228
2026-08-09 20:00:05,229 | INFO | Embedding Chunk 116/228
2026-08-09 20:00:05,349 | INFO | Embedding Chunk 117/228
2026-08-09 20:00:05,462 | INFO | Embedding Chunk 118/228
2026-08-09 20:00:05,580 | INFO | Embedding Chunk 119/228
2026-08-09 20:00:05,700 | INFO | Embedding Chunk 120/228
2026-08-09 20:00:05,815 | INFO | Embedding Chunk 121/228
2026-08-09 20:00:05,937 | INFO | Embedding Chunk 122/228
2026-08-09 20:00:06,053 | INFO | Embedding Chunk 123/228
2026-08-09 20:00:06,143 | INFO | Embedding Chunk 124/228
2026-08-09 20:00:06,229 | INFO | Embedding Chunk 125/228
2026-08-09 20:00:06,318 | INFO | Embedding Chunk 126/228
2026-08-09 20:00:06,410 | INFO | Embedding Chunk 127/228
2026-08-09 20:00:06,501 | INFO | Embedding Chunk 128/228
2026-08-09 20:00:06,591 | INFO | Embedding Chunk 129/228
2026-08-09 20:00:06,688 | INFO | Embedding Chunk 130/228
2026-08-09 20:00:06,782 | INFO | Embedding Chunk 131/228
2026-08-09 20:00:06,874 | INFO | Embedding Chunk 132/228
2026-08-09 20:00:06,965 | INFO | Embedding Chunk 133/228
2026-08-09 20:00:07,054 | INFO | Embedding Chunk 134/228
2026-08-09 20:00:07,142 | INFO | Embedding Chunk 135/228
2026-08-09 20:00:07,234 | INFO | Embedding Chunk 136/228
2026-08-09 20:00:07,328 | INFO | Embedding Chunk 137/228
2026-08-09 20:00:07,425 | INFO | Embedding Chunk 138/228
2026-08-09 20:00:07,521 | INFO | Embedding Chunk 139/228
2026-08-09 20:00:07,609 | INFO | Embedding Chunk 140/228
2026-08-09 20:00:07,700 | INFO | Embedding Chunk 141/228
2026-08-09 20:00:07,788 | INFO | Embedding Chunk 142/228
2026-08-09 20:00:08,009 | INFO | Embedding Chunk 143/228
2026-08-09 20:00:08,125 | INFO | Embedding Chunk 144/228
2026-08-09 20:00:08,243 | INFO | Embedding Chunk 145/228
2026-08-09 20:00:08,360 | INFO | Embedding Chunk 146/228
2026-08-09 20:00:08,506 | INFO | Embedding Chunk 147/228
2026-08-09 20:00:08,628 | INFO | Embedding Chunk 148/228
2026-08-09 20:00:08,746 | INFO | Embedding Chunk 149/228
2026-08-09 20:00:08,866 | INFO | Embedding Chunk 150/228
2026-08-09 20:00:08,982 | INFO | Embedding Chunk 151/228
2026-08-09 20:00:09,098 | INFO | Embedding Chunk 152/228
2026-08-09 20:00:09,215 | INFO | Embedding Chunk 153/228
2026-08-09 20:00:09,331 | INFO | Embedding Chunk 154/228
2026-08-09 20:00:09,448 | INFO | Embedding Chunk 155/228
2026-08-09 20:00:09,563 | INFO | Embedding Chunk 156/228
2026-08-09 20:00:09,762 | INFO | Embedding Chunk 157/228
2026-08-09 20:00:10,012 | INFO | Embedding Chunk 158/228
2026-08-09 20:00:10,162 | INFO | Embedding Chunk 159/228
2026-08-09 20:00:10,308 | INFO | Embedding Chunk 160/228
2026-08-09 20:00:10,463 | INFO | Embedding Chunk 161/228
2026-08-09 20:00:10,621 | INFO | Embedding Chunk 162/228
2026-08-09 20:00:10,783 | INFO | Embedding Chunk 163/228
2026-08-09 20:00:10,931 | INFO | Embedding Chunk 164/228
2026-08-09 20:00:11,082 | INFO | Embedding Chunk 165/228
2026-08-09 20:00:11,242 | INFO | Embedding Chunk 166/228
2026-08-09 20:00:11,393 | INFO | Embedding Chunk 167/228
2026-08-09 20:00:11,559 | INFO | Embedding Chunk 168/228
2026-08-09 20:00:11,705 | INFO | Embedding Chunk 169/228
2026-08-09 20:00:11,878 | INFO | Embedding Chunk 170/228
2026-08-09 20:00:12,085 | INFO | Embedding Chunk 171/228
2026-08-09 20:00:12,233 | INFO | Embedding Chunk 172/228
2026-08-09 20:00:12,382 | INFO | Embedding Chunk 173/228
2026-08-09 20:00:12,525 | INFO | Embedding Chunk 174/228
2026-08-09 20:00:12,686 | INFO | Embedding Chunk 175/228
2026-08-09 20:00:12,897 | INFO | Embedding Chunk 176/228
2026-08-09 20:00:13,075 | INFO | Embedding Chunk 177/228
2026-08-09 20:00:13,235 | INFO | Embedding Chunk 178/228
2026-08-09 20:00:13,392 | INFO | Embedding Chunk 179/228
2026-08-09 20:00:13,543 | INFO | Embedding Chunk 180/228
2026-08-09 20:00:13,683 | INFO | Embedding Chunk 181/228
2026-08-09 20:00:13,833 | INFO | Embedding Chunk 182/228
2026-08-09 20:00:14,014 | INFO | Embedding Chunk 183/228
2026-08-09 20:00:14,133 | INFO | Embedding Chunk 184/228
2026-08-09 20:00:14,281 | INFO | Embedding Chunk 185/228
2026-08-09 20:00:14,433 | INFO | Embedding Chunk 186/228
2026-08-09 20:00:14,610 | INFO | Embedding Chunk 187/228
2026-08-09 20:00:14,804 | INFO | Embedding Chunk 188/228
2026-08-09 20:00:14,955 | INFO | Embedding Chunk 189/228
2026-08-09 20:00:15,599 | INFO | Embedding Chunk 190/228
2026-08-09 20:00:17,532 | INFO | Embedding Chunk 191/228
2026-08-09 20:00:17,746 | INFO | Embedding Chunk 192/228
2026-08-09 20:00:17,996 | INFO | Embedding Chunk 193/228
2026-08-09 20:00:18,181 | INFO | Embedding Chunk 194/228
2026-08-09 20:00:18,330 | INFO | Embedding Chunk 195/228
2026-08-09 20:00:18,480 | INFO | Embedding Chunk 196/228
2026-08-09 20:00:18,632 | INFO | Embedding Chunk 197/228
2026-08-09 20:00:18,774 | INFO | Embedding Chunk 198/228
2026-08-09 20:00:18,890 | INFO | Embedding Chunk 199/228
2026-08-09 20:00:19,006 | INFO | Embedding Chunk 200/228
2026-08-09 20:00:19,129 | INFO | Embedding Chunk 201/228
2026-08-09 20:00:19,246 | INFO | Embedding Chunk 202/228
2026-08-09 20:00:19,362 | INFO | Embedding Chunk 203/228
2026-08-09 20:00:19,481 | INFO | Embedding Chunk 204/228
2026-08-09 20:00:19,595 | INFO | Embedding Chunk 205/228
2026-08-09 20:00:19,714 | INFO | Embedding Chunk 206/228
2026-08-09 20:00:19,832 | INFO | Embedding Chunk 207/228
2026-08-09 20:00:19,946 | INFO | Embedding Chunk 208/228
2026-08-09 20:00:20,064 | INFO | Embedding Chunk 209/228
2026-08-09 20:00:20,183 | INFO | Embedding Chunk 210/228
2026-08-09 20:00:20,296 | INFO | Embedding Chunk 211/228
2026-08-09 20:00:20,413 | INFO | Embedding Chunk 212/228
2026-08-09 20:00:20,533 | INFO | Embedding Chunk 213/228
2026-08-09 20:00:20,633 | INFO | Embedding Chunk 214/228
2026-08-09 20:00:20,759 | INFO | Embedding Chunk 215/228
2026-08-09 20:00:20,876 | INFO | Embedding Chunk 216/228
2026-08-09 20:00:20,982 | INFO | Embedding Chunk 217/228
2026-08-09 20:00:21,107 | INFO | Embedding Chunk 218/228
2026-08-09 20:00:21,214 | INFO | Embedding Chunk 219/228
2026-08-09 20:00:21,308 | INFO | Embedding Chunk 220/228
2026-08-09 20:00:21,399 | INFO | Embedding Chunk 221/228
2026-08-09 20:00:21,496 | INFO | Embedding Chunk 222/228
2026-08-09 20:00:21,587 | INFO | Embedding Chunk 223/228
2026-08-09 20:00:21,683 | INFO | Embedding Chunk 224/228
2026-08-09 20:00:21,766 | INFO | Embedding Chunk 225/228
2026-08-09 20:00:21,865 | INFO | Embedding Chunk 226/228
2026-08-09 20:00:21,958 | INFO | Embedding Chunk 227/228
2026-08-09 20:00:22,079 | INFO | Embedding Chunk 228/228
2026-08-09 20:00:23,200 | INFO | Saved embeddings -> C:\Users\Manav\OneDrive\Desktop\FraudTranactionDetection\RAG_Systems\Retriever_3_docs_on_guidelines\embeddings\RBI\RBI_Small_Finance_Banks_Fraud_Risk_Management_Directions_2026.json
2026-08-09 20:00:23,203 | INFO | Embedding RBI_Urban_Co_operative_Banks_Fraud_Risk_Management_Directions_2026.json
2026-08-09 20:00:23,230 | INFO | Embedding Chunk 1/190
2026-08-09 20:00:23,335 | INFO | Embedding Chunk 2/190
2026-08-09 20:00:23,423 | INFO | Embedding Chunk 3/190
2026-08-09 20:00:23,522 | INFO | Embedding Chunk 4/190
2026-08-09 20:00:23,617 | INFO | Embedding Chunk 5/190
2026-08-09 20:00:23,718 | INFO | Embedding Chunk 6/190
2026-08-09 20:00:23,808 | INFO | Embedding Chunk 7/190
2026-08-09 20:00:23,904 | INFO | Embedding Chunk 8/190
2026-08-09 20:00:24,000 | INFO | Embedding Chunk 9/190
2026-08-09 20:00:24,089 | INFO | Embedding Chunk 10/190
2026-08-09 20:00:24,173 | INFO | Embedding Chunk 11/190
2026-08-09 20:00:24,262 | INFO | Embedding Chunk 12/190
2026-08-09 20:00:24,351 | INFO | Embedding Chunk 13/190
2026-08-09 20:00:24,440 | INFO | Embedding Chunk 14/190
2026-08-09 20:00:24,532 | INFO | Embedding Chunk 15/190
2026-08-09 20:00:24,616 | INFO | Embedding Chunk 16/190
2026-08-09 20:00:24,732 | INFO | Embedding Chunk 17/190
2026-08-09 20:00:24,819 | INFO | Embedding Chunk 18/190
2026-08-09 20:00:24,930 | INFO | Embedding Chunk 19/190
2026-08-09 20:00:25,037 | INFO | Embedding Chunk 20/190
2026-08-09 20:00:25,132 | INFO | Embedding Chunk 21/190
2026-08-09 20:00:25,248 | INFO | Embedding Chunk 22/190
2026-08-09 20:00:25,339 | INFO | Embedding Chunk 23/190
2026-08-09 20:00:25,417 | INFO | Embedding Chunk 24/190
2026-08-09 20:00:25,517 | INFO | Embedding Chunk 25/190
2026-08-09 20:00:25,606 | INFO | Embedding Chunk 26/190
2026-08-09 20:00:25,696 | INFO | Embedding Chunk 27/190
2026-08-09 20:00:25,796 | INFO | Embedding Chunk 28/190
2026-08-09 20:00:25,893 | INFO | Embedding Chunk 29/190
2026-08-09 20:00:25,984 | INFO | Embedding Chunk 30/190
2026-08-09 20:00:26,066 | INFO | Embedding Chunk 31/190
2026-08-09 20:00:26,170 | INFO | Embedding Chunk 32/190
2026-08-09 20:00:26,258 | INFO | Embedding Chunk 33/190
2026-08-09 20:00:26,352 | INFO | Embedding Chunk 34/190
2026-08-09 20:00:26,446 | INFO | Embedding Chunk 35/190
2026-08-09 20:00:26,548 | INFO | Embedding Chunk 36/190
2026-08-09 20:00:26,656 | INFO | Embedding Chunk 37/190
2026-08-09 20:00:26,749 | INFO | Embedding Chunk 38/190
2026-08-09 20:00:26,841 | INFO | Embedding Chunk 39/190
2026-08-09 20:00:26,934 | INFO | Embedding Chunk 40/190
2026-08-09 20:00:27,032 | INFO | Embedding Chunk 41/190
2026-08-09 20:00:27,124 | INFO | Embedding Chunk 42/190
2026-08-09 20:00:27,214 | INFO | Embedding Chunk 43/190
2026-08-09 20:00:27,304 | INFO | Embedding Chunk 44/190
2026-08-09 20:00:27,398 | INFO | Embedding Chunk 45/190
2026-08-09 20:00:27,491 | INFO | Embedding Chunk 46/190
2026-08-09 20:00:27,583 | INFO | Embedding Chunk 47/190
2026-08-09 20:00:27,675 | INFO | Embedding Chunk 48/190
2026-08-09 20:00:27,769 | INFO | Embedding Chunk 49/190
2026-08-09 20:00:28,032 | INFO | Embedding Chunk 50/190
2026-08-09 20:00:28,147 | INFO | Embedding Chunk 51/190
2026-08-09 20:00:28,263 | INFO | Embedding Chunk 52/190
2026-08-09 20:00:28,384 | INFO | Embedding Chunk 53/190
2026-08-09 20:00:28,504 | INFO | Embedding Chunk 54/190
2026-08-09 20:00:28,622 | INFO | Embedding Chunk 55/190
2026-08-09 20:00:28,738 | INFO | Embedding Chunk 56/190
2026-08-09 20:00:28,870 | INFO | Embedding Chunk 57/190
2026-08-09 20:00:28,983 | INFO | Embedding Chunk 58/190
2026-08-09 20:00:29,099 | INFO | Embedding Chunk 59/190
2026-08-09 20:00:29,214 | INFO | Embedding Chunk 60/190
2026-08-09 20:00:29,330 | INFO | Embedding Chunk 61/190
2026-08-09 20:00:29,447 | INFO | Embedding Chunk 62/190
2026-08-09 20:00:29,559 | INFO | Embedding Chunk 63/190
2026-08-09 20:00:29,652 | INFO | Embedding Chunk 64/190
2026-08-09 20:00:29,771 | INFO | Embedding Chunk 65/190
2026-08-09 20:00:29,860 | INFO | Embedding Chunk 66/190
2026-08-09 20:00:29,952 | INFO | Embedding Chunk 67/190
2026-08-09 20:00:30,050 | INFO | Embedding Chunk 68/190
2026-08-09 20:00:30,142 | INFO | Embedding Chunk 69/190
2026-08-09 20:00:30,379 | INFO | Embedding Chunk 70/190
2026-08-09 20:00:30,496 | INFO | Embedding Chunk 71/190
2026-08-09 20:00:30,609 | INFO | Embedding Chunk 72/190
2026-08-09 20:00:30,731 | INFO | Embedding Chunk 73/190
2026-08-09 20:00:30,841 | INFO | Embedding Chunk 74/190
2026-08-09 20:00:30,960 | INFO | Embedding Chunk 75/190
2026-08-09 20:00:31,080 | INFO | Embedding Chunk 76/190
2026-08-09 20:00:31,198 | INFO | Embedding Chunk 77/190
2026-08-09 20:00:31,320 | INFO | Embedding Chunk 78/190
2026-08-09 20:00:31,433 | INFO | Embedding Chunk 79/190
2026-08-09 20:00:31,548 | INFO | Embedding Chunk 80/190
2026-08-09 20:00:31,666 | INFO | Embedding Chunk 81/190
2026-08-09 20:00:31,781 | INFO | Embedding Chunk 82/190
2026-08-09 20:00:31,903 | INFO | Embedding Chunk 83/190
2026-08-09 20:00:32,000 | INFO | Embedding Chunk 84/190
2026-08-09 20:00:32,092 | INFO | Embedding Chunk 85/190
2026-08-09 20:00:32,199 | INFO | Embedding Chunk 86/190
2026-08-09 20:00:32,295 | INFO | Embedding Chunk 87/190
2026-08-09 20:00:32,385 | INFO | Embedding Chunk 88/190
2026-08-09 20:00:32,479 | INFO | Embedding Chunk 89/190
2026-08-09 20:00:32,567 | INFO | Embedding Chunk 90/190
2026-08-09 20:00:32,667 | INFO | Embedding Chunk 91/190
2026-08-09 20:00:32,758 | INFO | Embedding Chunk 92/190
2026-08-09 20:00:32,851 | INFO | Embedding Chunk 93/190
2026-08-09 20:00:32,940 | INFO | Embedding Chunk 94/190
2026-08-09 20:00:33,032 | INFO | Embedding Chunk 95/190
2026-08-09 20:00:33,123 | INFO | Embedding Chunk 96/190
2026-08-09 20:00:33,214 | INFO | Embedding Chunk 97/190
2026-08-09 20:00:33,305 | INFO | Embedding Chunk 98/190
2026-08-09 20:00:33,394 | INFO | Embedding Chunk 99/190
2026-08-09 20:00:33,484 | INFO | Embedding Chunk 100/190
2026-08-09 20:00:33,571 | INFO | Embedding Chunk 101/190
2026-08-09 20:00:33,660 | INFO | Embedding Chunk 102/190
2026-08-09 20:00:33,748 | INFO | Embedding Chunk 103/190
2026-08-09 20:00:33,841 | INFO | Embedding Chunk 104/190
2026-08-09 20:00:33,933 | INFO | Embedding Chunk 105/190
2026-08-09 20:00:34,029 | INFO | Embedding Chunk 106/190
2026-08-09 20:00:34,119 | INFO | Embedding Chunk 107/190
2026-08-09 20:00:34,206 | INFO | Embedding Chunk 108/190
2026-08-09 20:00:34,297 | INFO | Embedding Chunk 109/190
2026-08-09 20:00:34,389 | INFO | Embedding Chunk 110/190
2026-08-09 20:00:34,481 | INFO | Embedding Chunk 111/190
2026-08-09 20:00:34,570 | INFO | Embedding Chunk 112/190
2026-08-09 20:00:34,660 | INFO | Embedding Chunk 113/190
2026-08-09 20:00:34,745 | INFO | Embedding Chunk 114/190
2026-08-09 20:00:34,833 | INFO | Embedding Chunk 115/190
2026-08-09 20:00:34,917 | INFO | Embedding Chunk 116/190
2026-08-09 20:00:35,012 | INFO | Embedding Chunk 117/190
2026-08-09 20:00:35,104 | INFO | Embedding Chunk 118/190
2026-08-09 20:00:35,183 | INFO | Embedding Chunk 119/190
2026-08-09 20:00:35,284 | INFO | Embedding Chunk 120/190
2026-08-09 20:00:35,379 | INFO | Embedding Chunk 121/190
2026-08-09 20:00:35,467 | INFO | Embedding Chunk 122/190
2026-08-09 20:00:35,557 | INFO | Embedding Chunk 123/190
2026-08-09 20:00:35,686 | INFO | Embedding Chunk 124/190
2026-08-09 20:00:35,783 | INFO | Embedding Chunk 125/190
2026-08-09 20:00:35,875 | INFO | Embedding Chunk 126/190
2026-08-09 20:00:35,958 | INFO | Embedding Chunk 127/190
2026-08-09 20:00:36,112 | INFO | Embedding Chunk 128/190
2026-08-09 20:00:36,216 | INFO | Embedding Chunk 129/190
2026-08-09 20:00:36,337 | INFO | Embedding Chunk 130/190
2026-08-09 20:00:36,563 | INFO | Embedding Chunk 131/190
2026-08-09 20:00:36,703 | INFO | Embedding Chunk 132/190
2026-08-09 20:00:36,825 | INFO | Embedding Chunk 133/190
2026-08-09 20:00:36,988 | INFO | Embedding Chunk 134/190
2026-08-09 20:00:37,152 | INFO | Embedding Chunk 135/190
2026-08-09 20:00:37,307 | INFO | Embedding Chunk 136/190
2026-08-09 20:00:37,456 | INFO | Embedding Chunk 137/190
2026-08-09 20:00:37,600 | INFO | Embedding Chunk 138/190
2026-08-09 20:00:37,748 | INFO | Embedding Chunk 139/190
2026-08-09 20:00:37,866 | INFO | Embedding Chunk 140/190
2026-08-09 20:00:37,985 | INFO | Embedding Chunk 141/190
2026-08-09 20:00:38,099 | INFO | Embedding Chunk 142/190
2026-08-09 20:00:38,219 | INFO | Embedding Chunk 143/190
2026-08-09 20:00:38,342 | INFO | Embedding Chunk 144/190
2026-08-09 20:00:38,457 | INFO | Embedding Chunk 145/190
2026-08-09 20:00:38,577 | INFO | Embedding Chunk 146/190
2026-08-09 20:00:38,696 | INFO | Embedding Chunk 147/190
2026-08-09 20:00:38,813 | INFO | Embedding Chunk 148/190
2026-08-09 20:00:38,931 | INFO | Embedding Chunk 149/190
2026-08-09 20:00:39,052 | INFO | Embedding Chunk 150/190
2026-08-09 20:00:39,165 | INFO | Embedding Chunk 151/190
2026-08-09 20:00:39,298 | INFO | Embedding Chunk 152/190
2026-08-09 20:00:39,415 | INFO | Embedding Chunk 153/190
2026-08-09 20:00:39,533 | INFO | Embedding Chunk 154/190
2026-08-09 20:00:39,686 | INFO | Embedding Chunk 155/190
2026-08-09 20:00:39,809 | INFO | Embedding Chunk 156/190
2026-08-09 20:00:39,959 | INFO | Embedding Chunk 157/190
2026-08-09 20:00:40,109 | INFO | Embedding Chunk 158/190
2026-08-09 20:00:40,270 | INFO | Embedding Chunk 159/190
2026-08-09 20:00:40,475 | INFO | Embedding Chunk 160/190
2026-08-09 20:00:40,627 | INFO | Embedding Chunk 161/190
2026-08-09 20:00:40,777 | INFO | Embedding Chunk 162/190
2026-08-09 20:00:40,933 | INFO | Embedding Chunk 163/190
2026-08-09 20:00:41,081 | INFO | Embedding Chunk 164/190
2026-08-09 20:00:41,211 | INFO | Embedding Chunk 165/190
2026-08-09 20:00:41,407 | INFO | Embedding Chunk 166/190
2026-08-09 20:00:41,629 | INFO | Embedding Chunk 167/190
2026-08-09 20:00:41,891 | INFO | Embedding Chunk 168/190
2026-08-09 20:00:42,095 | INFO | Embedding Chunk 169/190
2026-08-09 20:00:42,343 | INFO | Embedding Chunk 170/190
2026-08-09 20:00:42,658 | INFO | Embedding Chunk 171/190
2026-08-09 20:00:42,921 | INFO | Embedding Chunk 172/190
2026-08-09 20:00:43,116 | INFO | Embedding Chunk 173/190
2026-08-09 20:00:43,312 | INFO | Embedding Chunk 174/190
2026-08-09 20:00:43,462 | INFO | Embedding Chunk 175/190
2026-08-09 20:00:43,615 | INFO | Embedding Chunk 176/190
2026-08-09 20:00:43,765 | INFO | Embedding Chunk 177/190
2026-08-09 20:00:43,914 | INFO | Embedding Chunk 178/190
2026-08-09 20:00:44,059 | INFO | Embedding Chunk 179/190
2026-08-09 20:00:44,166 | INFO | Embedding Chunk 180/190
2026-08-09 20:00:44,298 | INFO | Embedding Chunk 181/190
2026-08-09 20:00:44,415 | INFO | Embedding Chunk 182/190
2026-08-09 20:00:44,539 | INFO | Embedding Chunk 183/190
2026-08-09 20:00:44,656 | INFO | Embedding Chunk 184/190
2026-08-09 20:00:44,765 | INFO | Embedding Chunk 185/190
2026-08-09 20:00:44,883 | INFO | Embedding Chunk 186/190
2026-08-09 20:00:45,005 | INFO | Embedding Chunk 187/190
2026-08-09 20:00:45,115 | INFO | Embedding Chunk 188/190
2026-08-09 20:00:45,233 | INFO | Embedding Chunk 189/190
2026-08-09 20:00:45,361 | INFO | Embedding Chunk 190/190
2026-08-09 20:00:46,244 | INFO | Saved embeddings -> C:\Users\Manav\OneDrive\Desktop\FraudTranactionDetection\RAG_Systems\Retriever_3_docs_on_guidelines\embeddings\RBI\RBI_Urban_Co_operative_Banks_Fraud_Risk_Management_Directions_2026.json
2026-08-09 20:00:46,247 | INFO | ========== Embedding Finished ==========
2026-08-09 20:00:46,247 | INFO | Processed : 10
2026-08-09 20:00:46,247 | INFO | Failed : 0
